--
-- PostgreSQL database dump
--

SET statement_timeout = 0;
SET client_encoding = 'UTF8';
SET standard_conforming_strings = on;
SET check_function_bodies = false;
SET client_min_messages = warning;

SET search_path = documentation, pg_catalog;

--
-- Name: data_elements_id_seq; Type: SEQUENCE SET; Schema: documentation; Owner: harbinger
--

SELECT pg_catalog.setval('data_elements_id_seq', 468, true);


--
-- Name: data_types_id_seq; Type: SEQUENCE SET; Schema: documentation; Owner: harbinger
--

SELECT pg_catalog.setval('data_types_id_seq', 6, true);


--
-- Name: department_models_id_seq; Type: SEQUENCE SET; Schema: documentation; Owner: harbinger
--

SELECT pg_catalog.setval('department_models_id_seq', 5, true);


--
-- Name: element_groupings_id_seq; Type: SEQUENCE SET; Schema: documentation; Owner: harbinger
--

SELECT pg_catalog.setval('element_groupings_id_seq', 49, true);


--
-- Name: message_element_mappings_id_seq; Type: SEQUENCE SET; Schema: documentation; Owner: harbinger
--

SELECT pg_catalog.setval('message_element_mappings_id_seq', 4956, true);


--
-- Name: message_types_id_seq; Type: SEQUENCE SET; Schema: documentation; Owner: harbinger
--

SELECT pg_catalog.setval('message_types_id_seq', 25, true);


--
-- Data for Name: data_types; Type: TABLE DATA; Schema: documentation; Owner: harbinger
--

INSERT INTO data_types (id, data_type, json_type, sql_type, comments, updated_at) VALUES (1, 'string', 'String', 'text', 'http://en.wikipedia.org/wiki/JSON and http://tools.ietf.org/html/rfc4627 and http://www.postgresql.org/docs/9.1/static/datatype.html', '2017-07-26 09:42:44.676896-04');
INSERT INTO data_types (id, data_type, json_type, sql_type, comments, updated_at) VALUES (2, 'bool', 'Boolean', 'boolean', 'http://en.wikipedia.org/wiki/JSON and http://tools.ietf.org/html/rfc4627 and http://www.postgresql.org/docs/9.1/static/datatype.html', '2017-07-26 09:42:44.676896-04');
INSERT INTO data_types (id, data_type, json_type, sql_type, comments, updated_at) VALUES (3, 'timestamp', 'String', 'time with time zone', 'http://en.wikipedia.org/wiki/ISO_8601 and http://en.wikipedia.org/wiki/JSON and http://www.postgresql.org/docs/9.1/static/datatype.html', '2017-07-26 09:42:44.676896-04');
INSERT INTO data_types (id, data_type, json_type, sql_type, comments, updated_at) VALUES (4, 'date', 'String', 'date', 'http://en.wikipedia.org/wiki/ISO_8601 and http://en.wikipedia.org/wiki/JSON and http://www.postgresql.org/docs/9.1/static/datatype.html', '2017-07-26 09:42:44.676896-04');
INSERT INTO data_types (id, data_type, json_type, sql_type, comments, updated_at) VALUES (5, 'float', 'Number', 'double precision', 'http://en.wikipedia.org/wiki/JSON and http://tools.ietf.org/html/rfc4627 and http://www.postgresql.org/docs/9.1/static/datatype.html', '2017-07-26 09:42:44.676896-04');
INSERT INTO data_types (id, data_type, json_type, sql_type, comments, updated_at) VALUES (6, 'integer', 'Number', 'integer', 'http://en.wikipedia.org/wiki/JSON and http://tools.ietf.org/html/rfc4627 and http://www.postgresql.org/docs/9.1/static/datatype.html', '2017-07-26 09:42:44.676896-04');


--
-- Data for Name: element_groupings; Type: TABLE DATA; Schema: documentation; Owner: harbinger
--

INSERT INTO element_groupings (id, grouping, comments, updated_at) VALUES (1, 'ca_scheduler', NULL, '2017-07-26 09:42:44.676896-04');
INSERT INTO element_groupings (id, grouping, comments, updated_at) VALUES (2, 'ca_check_in_user', NULL, '2017-07-26 09:42:44.676896-04');
INSERT INTO element_groupings (id, grouping, comments, updated_at) VALUES (3, 'ca_sign_in_user', NULL, '2017-07-26 09:42:44.676896-04');
INSERT INTO element_groupings (id, grouping, comments, updated_at) VALUES (4, 'ca_technologist', NULL, '2017-07-26 09:42:44.676896-04');
INSERT INTO element_groupings (id, grouping, comments, updated_at) VALUES (5, 'ca_begin_exam_user', NULL, '2017-07-26 09:42:44.676896-04');
INSERT INTO element_groupings (id, grouping, comments, updated_at) VALUES (6, 'ca_end_exam_user', NULL, '2017-07-26 09:42:44.676896-04');
INSERT INTO element_groupings (id, grouping, comments, updated_at) VALUES (7, 'ca_performing', NULL, '2017-07-26 09:42:44.676896-04');
INSERT INTO element_groupings (id, grouping, comments, updated_at) VALUES (8, 'ca_attending', NULL, '2017-07-26 09:42:44.676896-04');
INSERT INTO element_groupings (id, grouping, comments, updated_at) VALUES (9, 'ca_ordering', NULL, '2017-07-26 09:42:44.676896-04');
INSERT INTO element_groupings (id, grouping, comments, updated_at) VALUES (10, 'ca_authorizing', NULL, '2017-07-26 09:42:44.676896-04');
INSERT INTO element_groupings (id, grouping, comments, updated_at) VALUES (11, 'ca_radiologist1', NULL, '2017-07-26 09:42:44.676896-04');
INSERT INTO element_groupings (id, grouping, comments, updated_at) VALUES (12, 'ca_radiologist2', NULL, '2017-07-26 09:42:44.676896-04');
INSERT INTO element_groupings (id, grouping, comments, updated_at) VALUES (13, 'ca_radiologist3', NULL, '2017-07-26 09:42:44.676896-04');
INSERT INTO element_groupings (id, grouping, comments, updated_at) VALUES (14, 'ca_radiologist4', NULL, '2017-07-26 09:42:44.676896-04');
INSERT INTO element_groupings (id, grouping, comments, updated_at) VALUES (15, 'ca_transcriptionist', NULL, '2017-07-26 09:42:44.676896-04');
INSERT INTO element_groupings (id, grouping, comments, updated_at) VALUES (16, 'pacs', NULL, '2017-07-26 09:42:44.676896-04');
INSERT INTO element_groupings (id, grouping, comments, updated_at) VALUES (17, 'external_status', NULL, '2017-07-26 09:42:44.676896-04');
INSERT INTO element_groupings (id, grouping, comments, updated_at) VALUES (18, 'exam_meta', NULL, '2017-07-26 09:42:44.676896-04');
INSERT INTO element_groupings (id, grouping, comments, updated_at) VALUES (19, 'procedure', NULL, '2017-07-26 09:42:44.676896-04');
INSERT INTO element_groupings (id, grouping, comments, updated_at) VALUES (20, 'previous_procedure', NULL, '2017-07-26 09:42:44.676896-04');
INSERT INTO element_groupings (id, grouping, comments, updated_at) VALUES (21, 'site_class', NULL, '2017-07-26 09:42:44.676896-04');
INSERT INTO element_groupings (id, grouping, comments, updated_at) VALUES (22, 'patient_location', NULL, '2017-07-26 09:42:44.676896-04');
INSERT INTO element_groupings (id, grouping, comments, updated_at) VALUES (23, 'exam_resource', NULL, '2017-07-26 09:42:44.676896-04');
INSERT INTO element_groupings (id, grouping, comments, updated_at) VALUES (24, 'ca_assisting_tech_1', NULL, '2017-07-26 09:42:44.676896-04');
INSERT INTO element_groupings (id, grouping, comments, updated_at) VALUES (25, 'ca_assisting_tech_2', NULL, '2017-07-26 09:42:44.676896-04');
INSERT INTO element_groupings (id, grouping, comments, updated_at) VALUES (26, 'ca_assisting_tech_3', NULL, '2017-07-26 09:42:44.676896-04');
INSERT INTO element_groupings (id, grouping, comments, updated_at) VALUES (27, 'ca_operator', NULL, '2017-07-26 09:42:44.676896-04');
INSERT INTO element_groupings (id, grouping, comments, updated_at) VALUES (28, 'order', NULL, '2017-07-26 09:42:44.676896-04');
INSERT INTO element_groupings (id, grouping, comments, updated_at) VALUES (29, 'visit', NULL, '2017-07-26 09:42:44.676896-04');
INSERT INTO element_groupings (id, grouping, comments, updated_at) VALUES (30, 'patient_mrn_empi', NULL, '2017-07-26 09:42:44.676896-04');
INSERT INTO element_groupings (id, grouping, comments, updated_at) VALUES (31, 'rad_exam_dept', NULL, '2017-07-26 09:42:44.676896-04');
INSERT INTO element_groupings (id, grouping, comments, updated_at) VALUES (32, 'patient_mrn', NULL, '2017-07-26 09:42:44.676896-04');
INSERT INTO element_groupings (id, grouping, comments, updated_at) VALUES (33, 'patient_mrn_previous', NULL, '2017-07-26 09:42:44.676896-04');
INSERT INTO element_groupings (id, grouping, comments, updated_at) VALUES (34, 'external_system', NULL, '2017-07-26 09:42:44.676896-04');
INSERT INTO element_groupings (id, grouping, comments, updated_at) VALUES (35, 'patient', NULL, '2017-07-26 09:42:44.676896-04');
INSERT INTO element_groupings (id, grouping, comments, updated_at) VALUES (36, 'patient_mrn_extra', NULL, '2017-07-26 09:42:44.676896-04');
INSERT INTO element_groupings (id, grouping, comments, updated_at) VALUES (45, 'icd_codes', NULL, '2017-07-26 09:42:44.676896-04');
INSERT INTO element_groupings (id, grouping, comments, updated_at) VALUES (43, 'claim_clinical_department', NULL, '2017-07-26 09:42:44.676896-04');
INSERT INTO element_groupings (id, grouping, comments, updated_at) VALUES (37, 'insurance', NULL, '2017-07-26 09:42:44.676896-04');
INSERT INTO element_groupings (id, grouping, comments, updated_at) VALUES (46, 'insurance_extra', NULL, '2017-07-26 09:42:44.676896-04');
INSERT INTO element_groupings (id, grouping, comments, updated_at) VALUES (47, 'ca_billing', NULL, '2017-07-26 09:42:44.676896-04');
INSERT INTO element_groupings (id, grouping, comments, updated_at) VALUES (49, 'site', NULL, '2017-07-26 09:42:44.676896-04');


--
-- Data for Name: data_elements; Type: TABLE DATA; Schema: documentation; Owner: harbinger
--

INSERT INTO data_elements (id, json_key, description, industry_aliases, core_table, core_column, data_type_id, element_grouping_id, grouping_mandatory, grouping_inheritence, wildcard, hl7_default_location, hl7_repeating, hl7_mandatory, updated_at) VALUES (181, 'patient_empi', 'similar to patient_mrn, but sets the boolean EMPI value to indicate this MRN is an EMPI identifier', 'Patient EMPI, Master Patient MRN, Master Patient ID, Global Patient ID, Global MRN', 'patient_mrns', 'mrn', 1, 30, true, false, false, 'PID.2.1', false, false, '2017-07-26 09:42:44.676896-04');
INSERT INTO data_elements (id, json_key, description, industry_aliases, core_table, core_column, data_type_id, element_grouping_id, grouping_mandatory, grouping_inheritence, wildcard, hl7_default_location, hl7_repeating, hl7_mandatory, updated_at) VALUES (10, 'patient_location_name', 'human name of patient location', 'Patient Location Human Name, Patient Location Description', 'site_locations', 'name', 1, 22, false, false, false, 'PV1.3.9', false, false, '2017-07-26 09:42:44.676896-04');
INSERT INTO data_elements (id, json_key, description, industry_aliases, core_table, core_column, data_type_id, element_grouping_id, grouping_mandatory, grouping_inheritence, wildcard, hl7_default_location, hl7_repeating, hl7_mandatory, updated_at) VALUES (8, 'patient_location_room', 'specific room number under a location', 'Patient Location Room, Room Number', 'site_sublocations', 'room', 1, 22, false, false, false, 'PV1.3.2', false, false, '2017-07-26 09:42:44.676896-04');
INSERT INTO data_elements (id, json_key, description, industry_aliases, core_table, core_column, data_type_id, element_grouping_id, grouping_mandatory, grouping_inheritence, wildcard, hl7_default_location, hl7_repeating, hl7_mandatory, updated_at) VALUES (28, 'begin_exam_time', 'the time the tech started the exam', 'Begin Exam, Start Exam, In-progress', 'rad_exam_times', 'begin_exam', 3, NULL, false, false, false, 'ORC.7.4', false, true, '2017-07-26 09:42:44.676896-04');
INSERT INTO data_elements (id, json_key, description, industry_aliases, core_table, core_column, data_type_id, element_grouping_id, grouping_mandatory, grouping_inheritence, wildcard, hl7_default_location, hl7_repeating, hl7_mandatory, updated_at) VALUES (30, 'end_exam_time', 'the time the tech ended the exam', 'End Exam, Completed, Taken, Performed', 'rad_exam_times', 'end_exam', 3, NULL, false, false, false, 'OBR.7.1', false, true, '2017-07-26 09:42:44.676896-04');
INSERT INTO data_elements (id, json_key, description, industry_aliases, core_table, core_column, data_type_id, element_grouping_id, grouping_mandatory, grouping_inheritence, wildcard, hl7_default_location, hl7_repeating, hl7_mandatory, updated_at) VALUES (36, 'exam_resource', 'unique identifier of scanner used for exam', 'Resource, Modality, Scanner, Device', 'resources', 'resource', 1, 23, true, false, false, 'OBR.19.1', false, true, '2017-07-26 09:42:44.676896-04');
INSERT INTO data_elements (id, json_key, description, industry_aliases, core_table, core_column, data_type_id, element_grouping_id, grouping_mandatory, grouping_inheritence, wildcard, hl7_default_location, hl7_repeating, hl7_mandatory, updated_at) VALUES (177, 'patient_event_reason', 'reason from a list explaining the patient event', 'Patient Event Reason, ADT Reason', 'reasons', 'reason', 1, NULL, false, false, false, 'EVN.4.1', false, false, '2017-07-26 09:42:44.676896-04');
INSERT INTO data_elements (id, json_key, description, industry_aliases, core_table, core_column, data_type_id, element_grouping_id, grouping_mandatory, grouping_inheritence, wildcard, hl7_default_location, hl7_repeating, hl7_mandatory, updated_at) VALUES (441, 'ca_billing_id_type', 'the type of identifier within the external system for the associated identifier key', NULL, 'identifier_types', 'identifier_type', 1, 47, true, false, false, NULL, false, false, '2017-07-26 09:42:44.676896-04');
INSERT INTO data_elements (id, json_key, description, industry_aliases, core_table, core_column, data_type_id, element_grouping_id, grouping_mandatory, grouping_inheritence, wildcard, hl7_default_location, hl7_repeating, hl7_mandatory, updated_at) VALUES (35, 'modality', 'type of modality used for a scan', 'Modality, Modality Type, Device Type, Scanner Type', 'modalities', 'modality', 1, 23, false, false, false, 'OBR.24', false, true, '2017-07-26 09:42:44.676896-04');
INSERT INTO data_elements (id, json_key, description, industry_aliases, core_table, core_column, data_type_id, element_grouping_id, grouping_mandatory, grouping_inheritence, wildcard, hl7_default_location, hl7_repeating, hl7_mandatory, updated_at) VALUES (12, 'order_number', 'child of Visit, links one or more exams, can also be linked by a Master Order Number', 'Order Number', 'orders', 'order_number', 1, 28, false, false, false, 'OBR.2.1', false, true, '2017-07-26 09:42:44.676896-04');
INSERT INTO data_elements (id, json_key, description, industry_aliases, core_table, core_column, data_type_id, element_grouping_id, grouping_mandatory, grouping_inheritence, wildcard, hl7_default_location, hl7_repeating, hl7_mandatory, updated_at) VALUES (3, 'patient_dob', 'patient date of birth', 'Patient DOB', 'patients', 'birthdate', 4, 35, false, false, false, 'PID.7.1', false, true, '2017-07-26 09:42:44.676896-04');
INSERT INTO data_elements (id, json_key, description, industry_aliases, core_table, core_column, data_type_id, element_grouping_id, grouping_mandatory, grouping_inheritence, wildcard, hl7_default_location, hl7_repeating, hl7_mandatory, updated_at) VALUES (27, 'check_in_time', 'when a patient has completed registration / sign-in', 'Check-in, End Registration, Arrival, Ready for Exam', 'rad_exam_times', 'check_in', 3, NULL, false, false, false, 'PV1.44', false, true, '2017-07-26 09:42:44.676896-04');
INSERT INTO data_elements (id, json_key, description, industry_aliases, core_table, core_column, data_type_id, element_grouping_id, grouping_mandatory, grouping_inheritence, wildcard, hl7_default_location, hl7_repeating, hl7_mandatory, updated_at) VALUES (2, 'patient_gender', 'patient gender', 'Patient Gender', 'patients', 'gender', 1, 35, false, false, false, 'PID.8', false, true, '2017-07-26 09:42:44.676896-04');
INSERT INTO data_elements (id, json_key, description, industry_aliases, core_table, core_column, data_type_id, element_grouping_id, grouping_mandatory, grouping_inheritence, wildcard, hl7_default_location, hl7_repeating, hl7_mandatory, updated_at) VALUES (120, 'ca_transcriptionist_person_name', 'the name of the employee for the associated identifier key (only applied if a new employee is created)', NULL, 'employees', 'name', 1, 15, false, false, false, 'OBR.35.2-5', false, false, '2017-07-26 09:42:44.676896-04');
INSERT INTO data_elements (id, json_key, description, industry_aliases, core_table, core_column, data_type_id, element_grouping_id, grouping_mandatory, grouping_inheritence, wildcard, hl7_default_location, hl7_repeating, hl7_mandatory, updated_at) VALUES (9, 'patient_location_bed', 'specific bed number under a location', 'Patient Location Bed, Bed Number', 'site_sublocations', 'bed', 1, 22, false, false, false, 'PV1.3.3', false, false, '2017-07-26 09:42:44.676896-04');
INSERT INTO data_elements (id, json_key, description, industry_aliases, core_table, core_column, data_type_id, element_grouping_id, grouping_mandatory, grouping_inheritence, wildcard, hl7_default_location, hl7_repeating, hl7_mandatory, updated_at) VALUES (161, 'exam_resource_name', 'human name of a scanner', 'Human Modality Name, Human Scanner Name, Human Device Name, Resource Description', 'resources', 'name', 1, 23, false, false, false, 'OBR.19.2', false, false, '2017-07-26 09:42:44.676896-04');
INSERT INTO data_elements (id, json_key, description, industry_aliases, core_table, core_column, data_type_id, element_grouping_id, grouping_mandatory, grouping_inheritence, wildcard, hl7_default_location, hl7_repeating, hl7_mandatory, updated_at) VALUES (108, 'ca_radiologist3_system', 'the external system for the associated identifier key', NULL, 'external_systems', 'external_system', 1, 13, false, true, false, NULL, false, false, '2017-07-26 09:42:44.676896-04');
INSERT INTO data_elements (id, json_key, description, industry_aliases, core_table, core_column, data_type_id, element_grouping_id, grouping_mandatory, grouping_inheritence, wildcard, hl7_default_location, hl7_repeating, hl7_mandatory, updated_at) VALUES (133, 'pacs_image_count', 'image count from PACS', 'PACS Image Count', 'rad_pacs_metadata', 'image_count', 6, 16, false, false, false, NULL, false, false, '2017-07-26 09:42:44.676896-04');
INSERT INTO data_elements (id, json_key, description, industry_aliases, core_table, core_column, data_type_id, element_grouping_id, grouping_mandatory, grouping_inheritence, wildcard, hl7_default_location, hl7_repeating, hl7_mandatory, updated_at) VALUES (51, 'ca_check_in_user_id', 'the unique identifier of the user who registered the patient', 'Check-in User, Front Desk, Registrar', 'rad_exam_personnel', 'checkin_id', 1, 2, true, false, false, 'ORC.10.1', false, false, '2017-07-26 09:42:44.676896-04');
INSERT INTO data_elements (id, json_key, description, industry_aliases, core_table, core_column, data_type_id, element_grouping_id, grouping_mandatory, grouping_inheritence, wildcard, hl7_default_location, hl7_repeating, hl7_mandatory, updated_at) VALUES (34, 'procedure_modifier', 'additional procedure details (e.g. foreign body screening, laterality, etc.)', 'Procedure Modifier, Exam Modifier, Modifier', 'procedure_modifiers', 'procedure_modifier', 1, 19, false, false, false, 'OBR.45.1', false, false, '2017-07-26 09:42:44.676896-04');
INSERT INTO data_elements (id, json_key, description, industry_aliases, core_table, core_column, data_type_id, element_grouping_id, grouping_mandatory, grouping_inheritence, wildcard, hl7_default_location, hl7_repeating, hl7_mandatory, updated_at) VALUES (81, 'ca_attending_id', 'the unique identifier of the admitting or attending provider of the patient (not necessarily the ordering or authorizing)', 'Attending Provider, Admitting Provider', 'rad_exam_personnel', 'attending_id', 1, 8, true, false, false, 'PV1.7.1', false, false, '2017-07-26 09:42:44.676896-04');
INSERT INTO data_elements (id, json_key, description, industry_aliases, core_table, core_column, data_type_id, element_grouping_id, grouping_mandatory, grouping_inheritence, wildcard, hl7_default_location, hl7_repeating, hl7_mandatory, updated_at) VALUES (31, 'end_exam_event_time', 'the time the end exam status was set', 'End Exam Event', 'rad_exam_times', 'end_exam_event', 3, NULL, false, false, false, 'ORC.9.1', false, false, '2017-07-26 09:42:44.676896-04');
INSERT INTO data_elements (id, json_key, description, industry_aliases, core_table, core_column, data_type_id, element_grouping_id, grouping_mandatory, grouping_inheritence, wildcard, hl7_default_location, hl7_repeating, hl7_mandatory, updated_at) VALUES (7, 'patient_location', 'physical location of patient, refers to location as of time of message', 'Patient Location, Unit, Ward', 'patient_locations', 'location', 1, 22, true, false, false, 'PV1.3.1', false, true, '2017-07-26 09:42:44.676896-04');
INSERT INTO data_elements (id, json_key, description, industry_aliases, core_table, core_column, data_type_id, element_grouping_id, grouping_mandatory, grouping_inheritence, wildcard, hl7_default_location, hl7_repeating, hl7_mandatory, updated_at) VALUES (4, 'patient_type', 'Inpatient or Outpatient, per CMS', 'Patient Type, Hospital Status, Patient Status', 'patient_types', 'patient_type', 1, 21, true, false, false, 'PV1.2', false, true, '2017-07-26 09:42:44.676896-04');
INSERT INTO data_elements (id, json_key, description, industry_aliases, core_table, core_column, data_type_id, element_grouping_id, grouping_mandatory, grouping_inheritence, wildcard, hl7_default_location, hl7_repeating, hl7_mandatory, updated_at) VALUES (122, 'report_body', 'free text report results', 'Report Body, Report Text, Result, Dictation', 'rad_reports', 'report_body', 1, NULL, false, false, false, 'OBX.5', true, true, '2017-07-26 09:42:44.676896-04');
INSERT INTO data_elements (id, json_key, description, industry_aliases, core_table, core_column, data_type_id, element_grouping_id, grouping_mandatory, grouping_inheritence, wildcard, hl7_default_location, hl7_repeating, hl7_mandatory, updated_at) VALUES (22, 'schedule_event_time', 'the time when exam was scheduled from the order', 'Schedule Event, Appointment Created', 'rad_exam_times', 'schedule_event', 3, NULL, false, false, false, 'OBR.27.4', false, true, '2017-07-26 09:42:44.676896-04');
INSERT INTO data_elements (id, json_key, description, industry_aliases, core_table, core_column, data_type_id, element_grouping_id, grouping_mandatory, grouping_inheritence, wildcard, hl7_default_location, hl7_repeating, hl7_mandatory, updated_at) VALUES (25, 'sign_in_time', 'when the patient first arrives for an exam', 'Sign-in, Arrival', 'rad_exam_times', 'sign_in', 3, NULL, false, false, false, 'PV1.44', false, true, '2017-07-26 09:42:44.676896-04');
INSERT INTO data_elements (id, json_key, description, industry_aliases, core_table, core_column, data_type_id, element_grouping_id, grouping_mandatory, grouping_inheritence, wildcard, hl7_default_location, hl7_repeating, hl7_mandatory, updated_at) VALUES (457, 'claim_create_time', 'the time the claim was created', 'Claim Create', 'claims', 'claim_create', 3, NULL, false, false, false, NULL, false, false, '2017-07-26 09:42:44.676896-04');
INSERT INTO data_elements (id, json_key, description, industry_aliases, core_table, core_column, data_type_id, element_grouping_id, grouping_mandatory, grouping_inheritence, wildcard, hl7_default_location, hl7_repeating, hl7_mandatory, updated_at) VALUES (155, 'ca_assisting_tech_3_person_name', 'the name of the employee for the associated identifier key (only applied if a new employee is created)', NULL, 'employees', 'name', 1, 26, false, false, false, NULL, false, false, '2017-07-26 09:42:44.676896-04');
INSERT INTO data_elements (id, json_key, description, industry_aliases, core_table, core_column, data_type_id, element_grouping_id, grouping_mandatory, grouping_inheritence, wildcard, hl7_default_location, hl7_repeating, hl7_mandatory, updated_at) VALUES (5, 'site_class', 'type of patient (ED, Trauma, outpatient, inpatient, etc.)', 'Site Class, Patient Type, Patient Class, Visit Type, Encounter Type, Admission Type', 'site_classes', 'site_class', 1, 21, true, false, false, 'PV1.18', false, true, '2017-07-26 09:42:44.676896-04');
INSERT INTO data_elements (id, json_key, description, industry_aliases, core_table, core_column, data_type_id, element_grouping_id, grouping_mandatory, grouping_inheritence, wildcard, hl7_default_location, hl7_repeating, hl7_mandatory, updated_at) VALUES (23, 'reschedule_event_time', 'when the exam appointment was rescheduled', 'Reschedule Event, Appointment Reschedule', 'rad_exam_times', 'reschedule_event', 3, NULL, false, false, false, 'OBR.27.4', false, false, '2017-07-26 09:42:44.676896-04');
INSERT INTO data_elements (id, json_key, description, industry_aliases, core_table, core_column, data_type_id, element_grouping_id, grouping_mandatory, grouping_inheritence, wildcard, hl7_default_location, hl7_repeating, hl7_mandatory, updated_at) VALUES (55, 'ca_check_in_user_person_name', 'the name of the employee for the associated identifier key (only applied if a new employee is created)', NULL, 'employees', 'name', 1, 2, false, false, false, 'ORC.10.2-5', false, false, '2017-07-26 09:42:44.676896-04');
INSERT INTO data_elements (id, json_key, description, industry_aliases, core_table, core_column, data_type_id, element_grouping_id, grouping_mandatory, grouping_inheritence, wildcard, hl7_default_location, hl7_repeating, hl7_mandatory, updated_at) VALUES (100, 'ca_radiologist1_person_name', 'the name of the employee for the associated identifier key (only applied if a new employee is created)', NULL, 'employees', 'name', 1, 11, false, false, false, 'OBR.32.2-5', false, false, '2017-07-26 09:42:44.676896-04');
INSERT INTO data_elements (id, json_key, description, industry_aliases, core_table, core_column, data_type_id, element_grouping_id, grouping_mandatory, grouping_inheritence, wildcard, hl7_default_location, hl7_repeating, hl7_mandatory, updated_at) VALUES (46, 'ca_scheduler_id', 'the unique identifier of the user who scheduled the exam', 'Scheduler, Registrar', 'rad_exam_personnel', 'scheduler_id', 1, 1, true, false, false, 'ORC.10.1', false, false, '2017-07-26 09:42:44.676896-04');
INSERT INTO data_elements (id, json_key, description, industry_aliases, core_table, core_column, data_type_id, element_grouping_id, grouping_mandatory, grouping_inheritence, wildcard, hl7_default_location, hl7_repeating, hl7_mandatory, updated_at) VALUES (50, 'ca_scheduler_person_name', 'the name of the employee for the associated identifier key (only applied if a new employee is created)', NULL, 'employees', 'name', 1, 1, false, false, false, 'ORC.10.2-5', false, false, '2017-07-26 09:42:44.676896-04');
INSERT INTO data_elements (id, json_key, description, industry_aliases, core_table, core_column, data_type_id, element_grouping_id, grouping_mandatory, grouping_inheritence, wildcard, hl7_default_location, hl7_repeating, hl7_mandatory, updated_at) VALUES (60, 'ca_sign_in_user_person_name', 'the name of the employee for the associated identifier key (only applied if a new employee is created)', NULL, 'employees', 'name', 1, 3, false, false, false, 'ORC.10.2-5', false, false, '2017-07-26 09:42:44.676896-04');
INSERT INTO data_elements (id, json_key, description, industry_aliases, core_table, core_column, data_type_id, element_grouping_id, grouping_mandatory, grouping_inheritence, wildcard, hl7_default_location, hl7_repeating, hl7_mandatory, updated_at) VALUES (16, 'diagnosis', 'free text explanation of why a procedure was ordered', 'Reason for Exam, History, Diagnosis', 'rad_exam_details', 'diagnosis', 1, NULL, false, false, false, 'OBR.31', false, false, '2017-07-26 09:42:44.676896-04');
INSERT INTO data_elements (id, json_key, description, industry_aliases, core_table, core_column, data_type_id, element_grouping_id, grouping_mandatory, grouping_inheritence, wildcard, hl7_default_location, hl7_repeating, hl7_mandatory, updated_at) VALUES (17, 'order_comments', 'free text comments about the exam or patient, usually entered after the procedure is completed', 'Order Comments, Technologist Comments, Exam Comments, Procedure Comments', 'rad_exam_details', 'order_comments', 1, NULL, false, false, false, 'OBR.13', false, false, '2017-07-26 09:42:44.676896-04');
INSERT INTO data_elements (id, json_key, description, industry_aliases, core_table, core_column, data_type_id, element_grouping_id, grouping_mandatory, grouping_inheritence, wildcard, hl7_default_location, hl7_repeating, hl7_mandatory, updated_at) VALUES (170, 'site_class_external_system', 'the external system for the associated key', NULL, 'external_systems', 'external_system', 1, 21, false, true, false, NULL, false, false, '2017-07-26 09:42:44.676896-04');
INSERT INTO data_elements (id, json_key, description, industry_aliases, core_table, core_column, data_type_id, element_grouping_id, grouping_mandatory, grouping_inheritence, wildcard, hl7_default_location, hl7_repeating, hl7_mandatory, updated_at) VALUES (33, 'procedure_description', 'human description of procedure', 'Procedure Description, Exam Description, Order Description, Item Description', 'procedures', 'description', 1, 19, false, false, false, 'OBR.4.2', false, false, '2017-07-26 09:42:44.676896-04');
INSERT INTO data_elements (id, json_key, description, industry_aliases, core_table, core_column, data_type_id, element_grouping_id, grouping_mandatory, grouping_inheritence, wildcard, hl7_default_location, hl7_repeating, hl7_mandatory, updated_at) VALUES (174, 'patient_location_external_system', 'the external system for the associated key', NULL, 'external_systems', 'external_system', 1, 22, false, true, false, NULL, false, false, '2017-07-26 09:42:44.676896-04');
INSERT INTO data_elements (id, json_key, description, industry_aliases, core_table, core_column, data_type_id, element_grouping_id, grouping_mandatory, grouping_inheritence, wildcard, hl7_default_location, hl7_repeating, hl7_mandatory, updated_at) VALUES (95, 'ca_authorizing_person_name', 'the name of the employee for the associated identifier key (only applied if a new employee is created)', NULL, 'employees', 'name', 1, 10, false, false, false, 'OBR.16.2-5', false, false, '2017-07-26 09:42:44.676896-04');
INSERT INTO data_elements (id, json_key, description, industry_aliases, core_table, core_column, data_type_id, element_grouping_id, grouping_mandatory, grouping_inheritence, wildcard, hl7_default_location, hl7_repeating, hl7_mandatory, updated_at) VALUES (90, 'ca_ordering_person_name', 'the name of the employee for the associated identifier key (only applied if a new employee is created)', NULL, 'employees', 'name', 1, 9, false, false, false, 'ORC.12.2-5', false, false, '2017-07-26 09:42:44.676896-04');
INSERT INTO data_elements (id, json_key, description, industry_aliases, core_table, core_column, data_type_id, element_grouping_id, grouping_mandatory, grouping_inheritence, wildcard, hl7_default_location, hl7_repeating, hl7_mandatory, updated_at) VALUES (56, 'ca_sign_in_user_id', 'the unique identifier of the user who arrived the patient', 'Sign-in User, Front Desk, Registrar', 'rad_exam_personnel', 'signin_id', 1, 3, true, false, false, 'ORC.10.1', false, false, '2017-07-26 09:42:44.676896-04');
INSERT INTO data_elements (id, json_key, description, industry_aliases, core_table, core_column, data_type_id, element_grouping_id, grouping_mandatory, grouping_inheritence, wildcard, hl7_default_location, hl7_repeating, hl7_mandatory, updated_at) VALUES (39, 'message_event_time', 'message_event_time', 'Message Event Time', 'N/A', 'updated_at', 3, NULL, false, false, false, 'MSH.7.1', false, true, '2017-07-26 09:42:44.676896-04');
INSERT INTO data_elements (id, json_key, description, industry_aliases, core_table, core_column, data_type_id, element_grouping_id, grouping_mandatory, grouping_inheritence, wildcard, hl7_default_location, hl7_repeating, hl7_mandatory, updated_at) VALUES (45, 'patient_mrn', 'unique identifier for a patient within a given external system and metasite', 'Patient MRN, Patient ID', 'patient_mrns', 'mrn', 1, 32, true, false, false, 'PID.3.1', true, true, '2017-07-26 09:42:44.676896-04');
INSERT INTO data_elements (id, json_key, description, industry_aliases, core_table, core_column, data_type_id, element_grouping_id, grouping_mandatory, grouping_inheritence, wildcard, hl7_default_location, hl7_repeating, hl7_mandatory, updated_at) VALUES (65, 'ca_technologist_person_name', 'the name of the employee for the associated identifier key (only applied if a new employee is created)', NULL, 'employees', 'name', 1, 4, false, false, false, 'OBR.34.2-5', false, false, '2017-07-26 09:42:44.676896-04');
INSERT INTO data_elements (id, json_key, description, industry_aliases, core_table, core_column, data_type_id, element_grouping_id, grouping_mandatory, grouping_inheritence, wildcard, hl7_default_location, hl7_repeating, hl7_mandatory, updated_at) VALUES (186, 'previous_patient_mrn', 'same as patient_mrn, but used in a merge to designate the MRN being consumed / destroyed', 'Previous MRN, Old MRN, Duplicate MRN', 'patient_mrns', 'mrn', 1, 33, true, false, false, 'MRG.1.1', false, false, '2017-07-26 09:42:44.676896-04');
INSERT INTO data_elements (id, json_key, description, industry_aliases, core_table, core_column, data_type_id, element_grouping_id, grouping_mandatory, grouping_inheritence, wildcard, hl7_default_location, hl7_repeating, hl7_mandatory, updated_at) VALUES (29, 'begin_exam_event_time', 'the time begin exam status was set', 'Begin Exam Event', 'rad_exam_times', 'begin_exam_event', 3, NULL, false, false, false, 'OBR.22', false, false, '2017-07-26 09:42:44.676896-04');
INSERT INTO data_elements (id, json_key, description, industry_aliases, core_table, core_column, data_type_id, element_grouping_id, grouping_mandatory, grouping_inheritence, wildcard, hl7_default_location, hl7_repeating, hl7_mandatory, updated_at) VALUES (85, 'ca_attending_person_name', 'the name of the employee for the associated identifier key (only applied if a new employee is created)', NULL, 'employees', 'name', 1, 8, false, false, false, 'PV1.7.2-5', false, false, '2017-07-26 09:42:44.676896-04');
INSERT INTO data_elements (id, json_key, description, industry_aliases, core_table, core_column, data_type_id, element_grouping_id, grouping_mandatory, grouping_inheritence, wildcard, hl7_default_location, hl7_repeating, hl7_mandatory, updated_at) VALUES (91, 'ca_authorizing_id', 'the unique identifier of the provider who authorized the order (not necessarily attending or ordering)', 'Authorizing Provider, Approving Provider', 'rad_exam_personnel', 'authorizing_id', 1, 10, true, false, false, 'OBR.16.1', false, false, '2017-07-26 09:42:44.676896-04');
INSERT INTO data_elements (id, json_key, description, industry_aliases, core_table, core_column, data_type_id, element_grouping_id, grouping_mandatory, grouping_inheritence, wildcard, hl7_default_location, hl7_repeating, hl7_mandatory, updated_at) VALUES (156, 'ca_operator_id', 'the unique identifier of the user who made the update', 'Operator, Patient Event Update User, ADT User, Claim Processor, Billing Editor', 'patient_events, claim_transactions', 'operator_employee_id, posting_employee_id', 1, 27, true, false, false, 'EVN.5.1', false, false, '2017-07-26 09:42:44.676896-04');
INSERT INTO data_elements (id, json_key, description, industry_aliases, core_table, core_column, data_type_id, element_grouping_id, grouping_mandatory, grouping_inheritence, wildcard, hl7_default_location, hl7_repeating, hl7_mandatory, updated_at) VALUES (430, 'hcpcs_code_*', 'One or more HCPCS codes associated with the procedure code for the exam.  The wildcard is an integer >= 1 (depending on the cardinality of procedure-HCPCS mappings)', 'HCPCS Code, CPT Code', 'procedure_hcpcs_mappings', 'cms_hcpcs_code_id', 1, 19, NULL, NULL, true, 'OBR.44', true, false, '2017-07-26 09:42:44.676896-04');
INSERT INTO data_elements (id, json_key, description, industry_aliases, core_table, core_column, data_type_id, element_grouping_id, grouping_mandatory, grouping_inheritence, wildcard, hl7_default_location, hl7_repeating, hl7_mandatory, updated_at) VALUES (24, 'appointment_time', 'the time the exam is scheduled to occur', 'Scheduled, Appointment', 'rad_exam_times', 'appointment', 3, NULL, false, false, false, 'OBR.36', false, true, '2017-07-26 09:42:44.676896-04');
INSERT INTO data_elements (id, json_key, description, industry_aliases, core_table, core_column, data_type_id, element_grouping_id, grouping_mandatory, grouping_inheritence, wildcard, hl7_default_location, hl7_repeating, hl7_mandatory, updated_at) VALUES (96, 'ca_radiologist1_id', 'the unique identifier of the user who signed the report', 'Signing Radiologist, Primary Radiologist, Attending Radiologist', 'rad_reports', 'rad1_id', 1, 11, true, false, false, 'OBR.32.1', false, true, '2017-07-26 09:42:44.676896-04');
INSERT INTO data_elements (id, json_key, description, industry_aliases, core_table, core_column, data_type_id, element_grouping_id, grouping_mandatory, grouping_inheritence, wildcard, hl7_default_location, hl7_repeating, hl7_mandatory, updated_at) VALUES (21, 'order_arrival_time', 'the time an order arrives in the filling system', 'Order Arrival, Order Placed, Order Created', 'rad_exam_times', 'order_arrival', 3, NULL, false, false, false, 'OBR.27.4', false, true, '2017-07-26 09:42:44.676896-04');
INSERT INTO data_elements (id, json_key, description, industry_aliases, core_table, core_column, data_type_id, element_grouping_id, grouping_mandatory, grouping_inheritence, wildcard, hl7_default_location, hl7_repeating, hl7_mandatory, updated_at) VALUES (32, 'procedure_code', 'unique identifier for type of exam', 'Procedure Code, Exam Code, Order Code, Exam Type, Orderable, Item', 'procedures', 'code', 1, 19, true, false, false, 'OBR.4.1', false, true, '2017-07-26 09:42:44.676896-04');
INSERT INTO data_elements (id, json_key, description, industry_aliases, core_table, core_column, data_type_id, element_grouping_id, grouping_mandatory, grouping_inheritence, wildcard, hl7_default_location, hl7_repeating, hl7_mandatory, updated_at) VALUES (121, 'report_event_time', 'the time a result was signed/drafted/transcribed', 'Report Event, Signing Time, Edit Time, Last Updated, Draft Time', 'rad_reports', 'report_event', 3, NULL, false, false, false, 'OBR.22', false, true, '2017-07-26 09:42:44.676896-04');
INSERT INTO data_elements (id, json_key, description, industry_aliases, core_table, core_column, data_type_id, element_grouping_id, grouping_mandatory, grouping_inheritence, wildcard, hl7_default_location, hl7_repeating, hl7_mandatory, updated_at) VALUES (11, 'visit_number', 'parent of Orders, links series of orders and events to a single admission or encounter', 'Visit Number, Encounter ID, Admission ID, Account Number', 'visits', 'visit_number', 1, 29, false, false, false, 'PV1.19.1', false, true, '2017-07-26 09:42:44.676896-04');
INSERT INTO data_elements (id, json_key, description, industry_aliases, core_table, core_column, data_type_id, element_grouping_id, grouping_mandatory, grouping_inheritence, wildcard, hl7_default_location, hl7_repeating, hl7_mandatory, updated_at) VALUES (101, 'ca_radiologist2_id', 'the unique identifier of the user who assisted with the report', 'Secondary Radiologist, Assisting Radiologist, Resident', 'rad_reports', 'rad2_id', 1, 12, true, false, false, 'OBR.33.1', true, true, '2017-07-26 09:42:44.676896-04');
INSERT INTO data_elements (id, json_key, description, industry_aliases, core_table, core_column, data_type_id, element_grouping_id, grouping_mandatory, grouping_inheritence, wildcard, hl7_default_location, hl7_repeating, hl7_mandatory, updated_at) VALUES (182, 'patient_event_type', 'type of event updating patient information', 'Patient Event Type, ADT Action', 'external_system_statuses', 'status', 1, NULL, false, false, false, 'MSH.9.2', false, true, '2017-07-26 09:42:44.676896-04');
INSERT INTO data_elements (id, json_key, description, industry_aliases, core_table, core_column, data_type_id, element_grouping_id, grouping_mandatory, grouping_inheritence, wildcard, hl7_default_location, hl7_repeating, hl7_mandatory, updated_at) VALUES (178, 'patient_event_time', 'time when a patient event happened', 'Patient Event Time, ADT Event', 'patient_events', 'event_time', 3, NULL, false, false, false, 'EVN.2', false, true, '2017-07-26 09:42:44.676896-04');
INSERT INTO data_elements (id, json_key, description, industry_aliases, core_table, core_column, data_type_id, element_grouping_id, grouping_mandatory, grouping_inheritence, wildcard, hl7_default_location, hl7_repeating, hl7_mandatory, updated_at) VALUES (105, 'ca_radiologist2_person_name', 'the name of the employee for the associated identifier key (only applied if a new employee is created)', NULL, 'employees', 'name', 1, 12, false, false, false, 'OBR.33.2-5', true, false, '2017-07-26 09:42:44.676896-04');
INSERT INTO data_elements (id, json_key, description, industry_aliases, core_table, core_column, data_type_id, element_grouping_id, grouping_mandatory, grouping_inheritence, wildcard, hl7_default_location, hl7_repeating, hl7_mandatory, updated_at) VALUES (40, 'site', 'a specific geographic boundary, usually a building or facility', 'Site, Hospital Name, Facility Code', 'sites', 'site', 1, 49, true, false, false, 'MSH.6', false, true, '2017-07-26 09:42:44.676896-04');
INSERT INTO data_elements (id, json_key, description, industry_aliases, core_table, core_column, data_type_id, element_grouping_id, grouping_mandatory, grouping_inheritence, wildcard, hl7_default_location, hl7_repeating, hl7_mandatory, updated_at) VALUES (185, 'patient_mrn_*', 'same as patient_mrn, but the wildcard allows multiple MRN in a single message to be associated with the same patient.  The wildcard is an integer >=1 which associates the external system and metasites of the other MRN providers', 'Patient MRN, Patient ID', 'patient_mrns', 'mrn', 1, 36, true, false, true, 'PID.3.1', true, false, '2017-07-26 09:42:44.676896-04');
INSERT INTO data_elements (id, json_key, description, industry_aliases, core_table, core_column, data_type_id, element_grouping_id, grouping_mandatory, grouping_inheritence, wildcard, hl7_default_location, hl7_repeating, hl7_mandatory, updated_at) VALUES (135, 'site_class_ed', 'boolean of emergency department designation for Site Class', 'Site Class ED Flag, ER Flag, Emergency Flag', 'site_classes', 'ed', 1, 21, false, false, false, NULL, false, false, '2017-07-26 09:42:44.676896-04');
INSERT INTO data_elements (id, json_key, description, industry_aliases, core_table, core_column, data_type_id, element_grouping_id, grouping_mandatory, grouping_inheritence, wildcard, hl7_default_location, hl7_repeating, hl7_mandatory, updated_at) VALUES (425, 'insurance_carrier_demo_*', 'Demographic mappings for the insurance carrier, the wildcard is the demographic_type mapped', 'Insurance Carrier Demographics', 'insurance_carrier_demographics', 'demographic', 1, 37, false, false, true, NULL, false, false, '2017-07-26 09:42:44.676896-04');
INSERT INTO data_elements (id, json_key, description, industry_aliases, core_table, core_column, data_type_id, element_grouping_id, grouping_mandatory, grouping_inheritence, wildcard, hl7_default_location, hl7_repeating, hl7_mandatory, updated_at) VALUES (389, 'insurance_carrier_plan_number', 'The plan number of the insurance', 'Insurance Plan Number', 'insurace_carrier_plans', 'plan_number', 1, 37, false, false, false, NULL, false, false, '2017-07-26 09:42:44.676896-04');
INSERT INTO data_elements (id, json_key, description, industry_aliases, core_table, core_column, data_type_id, element_grouping_id, grouping_mandatory, grouping_inheritence, wildcard, hl7_default_location, hl7_repeating, hl7_mandatory, updated_at) VALUES (455, 'insurance_*_policy_employer_name', 'The name of the employer providing the coverage for the policy holder. The wildcard is an integer >=1 which associates the grouped insurance information together, allowing for coverage from multiple entities to be documented in a single message.', 'Insurance Policy Employer Name', 'insurance_policies', 'employer_name', 1, 46, false, false, true, NULL, false, false, '2017-07-26 09:42:44.676896-04');
INSERT INTO data_elements (id, json_key, description, industry_aliases, core_table, core_column, data_type_id, element_grouping_id, grouping_mandatory, grouping_inheritence, wildcard, hl7_default_location, hl7_repeating, hl7_mandatory, updated_at) VALUES (453, 'insurance_*_carrier_plan_name', 'The plan name of the insurance. The wildcard is an integer &gt;=1 which associates the grouped insurance information together, allowing for coverage from multiple entities to be documented in a single message.', 'Insurance Carrier Plan Name', 'insurance_carrier_plans', 'plan_name', 1, 46, false, false, true, NULL, false, false, '2017-07-26 09:42:44.676896-04');
INSERT INTO data_elements (id, json_key, description, industry_aliases, core_table, core_column, data_type_id, element_grouping_id, grouping_mandatory, grouping_inheritence, wildcard, hl7_default_location, hl7_repeating, hl7_mandatory, updated_at) VALUES (451, 'insurance_*_policy_group_number', 'The group number of the insurance policy. The wildcard is an integer &gt;=1 which associates the grouped insurance information together, allowing for coverage from multiple entities to be documented in a single message.', 'Insurance Policy Group Number', 'insurance_policies', 'group_number', 1, 46, false, false, true, NULL, false, false, '2017-07-26 09:42:44.676896-04');
INSERT INTO data_elements (id, json_key, description, industry_aliases, core_table, core_column, data_type_id, element_grouping_id, grouping_mandatory, grouping_inheritence, wildcard, hl7_default_location, hl7_repeating, hl7_mandatory, updated_at) VALUES (144, 'ca_assisting_tech_1_metasite', 'the metasite of the external system for the associated identifier key', NULL, 'metasites', 'metasite', 1, 24, false, true, false, NULL, false, false, '2017-07-26 09:42:44.676896-04');
INSERT INTO data_elements (id, json_key, description, industry_aliases, core_table, core_column, data_type_id, element_grouping_id, grouping_mandatory, grouping_inheritence, wildcard, hl7_default_location, hl7_repeating, hl7_mandatory, updated_at) VALUES (448, 'insurance_*_policy_holder_name', 'The name of the insurance policy holder. The wildcard is an integer &gt;=1 which associates the grouped insurance information together, allowing for coverage from multiple entities to be documented in a single message.', 'Insurance Policy Holder Name', 'insurance_policies', 'policy_holder_name', 1, 46, true, false, true, NULL, false, false, '2017-07-26 09:42:44.676896-04');
INSERT INTO data_elements (id, json_key, description, industry_aliases, core_table, core_column, data_type_id, element_grouping_id, grouping_mandatory, grouping_inheritence, wildcard, hl7_default_location, hl7_repeating, hl7_mandatory, updated_at) VALUES (107, 'ca_radiologist3_id_type', 'the type of identifier within the external system for the associated identifier key', NULL, 'identifier_types', 'identifier_type', 1, 13, true, false, false, NULL, false, false, '2017-07-26 09:42:44.676896-04');
INSERT INTO data_elements (id, json_key, description, industry_aliases, core_table, core_column, data_type_id, element_grouping_id, grouping_mandatory, grouping_inheritence, wildcard, hl7_default_location, hl7_repeating, hl7_mandatory, updated_at) VALUES (110, 'ca_radiologist3_person_name', 'the name of the employee for the associated identifier key (only applied if a new employee is created)', NULL, 'employees', 'name', 1, 13, false, false, false, NULL, false, false, '2017-07-26 09:42:44.676896-04');
INSERT INTO data_elements (id, json_key, description, industry_aliases, core_table, core_column, data_type_id, element_grouping_id, grouping_mandatory, grouping_inheritence, wildcard, hl7_default_location, hl7_repeating, hl7_mandatory, updated_at) VALUES (66, 'ca_begin_exam_user_id', 'the unique identifier of the user who set the begin exam status', 'Begin Exam User, Beginner', 'rad_exam_personnel', 'begin_exam_id', 1, 5, true, false, false, NULL, false, false, '2017-07-26 09:42:44.676896-04');
INSERT INTO data_elements (id, json_key, description, industry_aliases, core_table, core_column, data_type_id, element_grouping_id, grouping_mandatory, grouping_inheritence, wildcard, hl7_default_location, hl7_repeating, hl7_mandatory, updated_at) VALUES (52, 'ca_check_in_user_id_type', 'the type of identifier within the external system for the associated identifier key', NULL, 'identifier_types', 'identifier_type', 1, 2, true, false, false, NULL, false, false, '2017-07-26 09:42:44.676896-04');
INSERT INTO data_elements (id, json_key, description, industry_aliases, core_table, core_column, data_type_id, element_grouping_id, grouping_mandatory, grouping_inheritence, wildcard, hl7_default_location, hl7_repeating, hl7_mandatory, updated_at) VALUES (69, 'ca_begin_exam_user_metasite', 'the metasite of the external system for the associated identifier key', NULL, 'metasites', 'metasite', 1, 5, false, true, false, NULL, false, false, '2017-07-26 09:42:44.676896-04');
INSERT INTO data_elements (id, json_key, description, industry_aliases, core_table, core_column, data_type_id, element_grouping_id, grouping_mandatory, grouping_inheritence, wildcard, hl7_default_location, hl7_repeating, hl7_mandatory, updated_at) VALUES (79, 'ca_performing_metasite', 'the metasite of the external system for the associated identifier key', NULL, 'metasites', 'metasite', 1, 7, false, true, false, NULL, false, false, '2017-07-26 09:42:44.676896-04');
INSERT INTO data_elements (id, json_key, description, industry_aliases, core_table, core_column, data_type_id, element_grouping_id, grouping_mandatory, grouping_inheritence, wildcard, hl7_default_location, hl7_repeating, hl7_mandatory, updated_at) VALUES (84, 'ca_attending_metasite', 'the metasite of the external system for the associated identifier key', NULL, 'metasites', 'metasite', 1, 8, false, true, false, NULL, false, false, '2017-07-26 09:42:44.676896-04');
INSERT INTO data_elements (id, json_key, description, industry_aliases, core_table, core_column, data_type_id, element_grouping_id, grouping_mandatory, grouping_inheritence, wildcard, hl7_default_location, hl7_repeating, hl7_mandatory, updated_at) VALUES (89, 'ca_ordering_metasite', 'the metasite of the external system for the associated identifier key', NULL, 'metasites', 'metasite', 1, 9, false, true, false, NULL, false, false, '2017-07-26 09:42:44.676896-04');
INSERT INTO data_elements (id, json_key, description, industry_aliases, core_table, core_column, data_type_id, element_grouping_id, grouping_mandatory, grouping_inheritence, wildcard, hl7_default_location, hl7_repeating, hl7_mandatory, updated_at) VALUES (19, 'procedure_change_comments', 'free text comments/details explaining why a procedure was changed', 'Procedure Change Comments', 'rad_exam_details', 'procedure_change_comments', 1, NULL, false, false, false, NULL, false, false, '2017-07-26 09:42:44.676896-04');
INSERT INTO data_elements (id, json_key, description, industry_aliases, core_table, core_column, data_type_id, element_grouping_id, grouping_mandatory, grouping_inheritence, wildcard, hl7_default_location, hl7_repeating, hl7_mandatory, updated_at) VALUES (151, 'ca_assisting_tech_3_id', 'the unique identifier of a technologist who assisted with the exam', 'Assisting Technologist', 'rad_exam_personnel', 'assisting_tech3_id', 1, 26, true, false, false, NULL, false, false, '2017-07-26 09:42:44.676896-04');
INSERT INTO data_elements (id, json_key, description, industry_aliases, core_table, core_column, data_type_id, element_grouping_id, grouping_mandatory, grouping_inheritence, wildcard, hl7_default_location, hl7_repeating, hl7_mandatory, updated_at) VALUES (99, 'ca_radiologist1_metasite', 'the metasite of the external system for the associated identifier key', NULL, 'metasites', 'metasite', 1, 11, false, true, false, NULL, false, false, '2017-07-26 09:42:44.676896-04');
INSERT INTO data_elements (id, json_key, description, industry_aliases, core_table, core_column, data_type_id, element_grouping_id, grouping_mandatory, grouping_inheritence, wildcard, hl7_default_location, hl7_repeating, hl7_mandatory, updated_at) VALUES (48, 'ca_scheduler_system', 'the external system for the associated identifier key', NULL, 'external_systems', 'external_system', 1, 1, false, true, false, NULL, false, false, '2017-07-26 09:42:44.676896-04');
INSERT INTO data_elements (id, json_key, description, industry_aliases, core_table, core_column, data_type_id, element_grouping_id, grouping_mandatory, grouping_inheritence, wildcard, hl7_default_location, hl7_repeating, hl7_mandatory, updated_at) VALUES (58, 'ca_sign_in_user_system', 'the external system for the associated identifier key', NULL, 'external_systems', 'external_system', 1, 3, false, true, false, NULL, false, false, '2017-07-26 09:42:44.676896-04');
INSERT INTO data_elements (id, json_key, description, industry_aliases, core_table, core_column, data_type_id, element_grouping_id, grouping_mandatory, grouping_inheritence, wildcard, hl7_default_location, hl7_repeating, hl7_mandatory, updated_at) VALUES (371, 'transaction_amount', 'The amount of the transaction in units of the smallest division of currency (e.g. $1 USD would be 100)', 'Amount, Value', 'claim_transactions', 'transaction_amount', 6, NULL, false, false, false, NULL, false, false, '2017-07-26 09:42:44.676896-04');
INSERT INTO data_elements (id, json_key, description, industry_aliases, core_table, core_column, data_type_id, element_grouping_id, grouping_mandatory, grouping_inheritence, wildcard, hl7_default_location, hl7_repeating, hl7_mandatory, updated_at) VALUES (106, 'ca_radiologist3_id', 'the unique identifier of the user who assisted with the report', 'Assisting Radiologist, Resident', 'rad_reports', 'rad3_id', 1, 13, true, false, false, NULL, false, false, '2017-07-26 09:42:44.676896-04');
INSERT INTO data_elements (id, json_key, description, industry_aliases, core_table, core_column, data_type_id, element_grouping_id, grouping_mandatory, grouping_inheritence, wildcard, hl7_default_location, hl7_repeating, hl7_mandatory, updated_at) VALUES (112, 'ca_radiologist4_id_type', 'the type of identifier within the external system for the associated identifier key', NULL, 'identifier_types', 'identifier_type', 1, 14, true, false, false, NULL, false, false, '2017-07-26 09:42:44.676896-04');
INSERT INTO data_elements (id, json_key, description, industry_aliases, core_table, core_column, data_type_id, element_grouping_id, grouping_mandatory, grouping_inheritence, wildcard, hl7_default_location, hl7_repeating, hl7_mandatory, updated_at) VALUES (145, 'ca_assisting_tech_1_person_name', 'the name of the employee for the associated identifier key (only applied if a new employee is created)', NULL, 'employees', 'name', 1, 24, false, false, false, NULL, false, false, '2017-07-26 09:42:44.676896-04');
INSERT INTO data_elements (id, json_key, description, industry_aliases, core_table, core_column, data_type_id, element_grouping_id, grouping_mandatory, grouping_inheritence, wildcard, hl7_default_location, hl7_repeating, hl7_mandatory, updated_at) VALUES (449, 'insurance_*_carrier_demo_*', 'Demographic mappings for the insurance carrier, the second wildcard is the demographic_type mapped. The first wildcard is an integer &gt;=1 which associates the grouped insurance information together, allowing for coverage from multiple entities to be documented in a single message.', 'Insurance Carrier Demographics', 'insurance_carrier_demographics', 'demographic', 1, 46, false, false, true, NULL, false, false, '2017-07-26 09:42:44.676896-04');
INSERT INTO data_elements (id, json_key, description, industry_aliases, core_table, core_column, data_type_id, element_grouping_id, grouping_mandatory, grouping_inheritence, wildcard, hl7_default_location, hl7_repeating, hl7_mandatory, updated_at) VALUES (88, 'ca_ordering_system', 'the external system for the associated identifier key', NULL, 'external_systems', 'external_system', 1, 9, false, true, false, NULL, false, false, '2017-07-26 09:42:44.676896-04');
INSERT INTO data_elements (id, json_key, description, industry_aliases, core_table, core_column, data_type_id, element_grouping_id, grouping_mandatory, grouping_inheritence, wildcard, hl7_default_location, hl7_repeating, hl7_mandatory, updated_at) VALUES (123, 'external_status_*_value', 'exam status in a non-canonical system, e.g. the PACS or VR system vs the RIS or EMR.  the wildcard links the external system and metasite to the value', 'External System Status', 'rad_exam_external_system_statuses', 'external_system_status_id', 1, 17, true, false, false, NULL, false, false, '2017-07-26 09:42:44.676896-04');
INSERT INTO data_elements (id, json_key, description, industry_aliases, core_table, core_column, data_type_id, element_grouping_id, grouping_mandatory, grouping_inheritence, wildcard, hl7_default_location, hl7_repeating, hl7_mandatory, updated_at) VALUES (78, 'ca_performing_system', 'the external system for the associated identifier key', NULL, 'external_systems', 'external_system', 1, 7, false, true, false, NULL, false, false, '2017-07-26 09:42:44.676896-04');
INSERT INTO data_elements (id, json_key, description, industry_aliases, core_table, core_column, data_type_id, element_grouping_id, grouping_mandatory, grouping_inheritence, wildcard, hl7_default_location, hl7_repeating, hl7_mandatory, updated_at) VALUES (385, 'insurance_policy_holder_name', 'The name of the insurance policy holder', 'Insurance Policy Holder Name', 'insurance_policies', 'policy_holder_name', 1, 37, true, false, false, NULL, false, false, '2017-07-26 09:42:44.676896-04');
INSERT INTO data_elements (id, json_key, description, industry_aliases, core_table, core_column, data_type_id, element_grouping_id, grouping_mandatory, grouping_inheritence, wildcard, hl7_default_location, hl7_repeating, hl7_mandatory, updated_at) VALUES (368, 'transaction_post', 'Timestamp of when the transaction event occurred', 'Transaction Post', 'claim_transactions', 'transaction_post', 3, NULL, false, false, false, NULL, false, false, '2017-07-26 09:42:44.676896-04');
INSERT INTO data_elements (id, json_key, description, industry_aliases, core_table, core_column, data_type_id, element_grouping_id, grouping_mandatory, grouping_inheritence, wildcard, hl7_default_location, hl7_repeating, hl7_mandatory, updated_at) VALUES (367, 'claim_sequence', 'Line number or sequence number of the transaction in the lifecycle of the claim.  An integer that starts at 1 and increases each transaction.', 'Claim Sequence, Line Number', 'claim_transactions', 'claim_sequence', 6, NULL, false, false, false, NULL, false, false, '2017-07-26 09:42:44.676896-04');
INSERT INTO data_elements (id, json_key, description, industry_aliases, core_table, core_column, data_type_id, element_grouping_id, grouping_mandatory, grouping_inheritence, wildcard, hl7_default_location, hl7_repeating, hl7_mandatory, updated_at) VALUES (71, 'ca_end_exam_user_id', 'the unique identifier of the user who set the end exam status', 'End Exam User, Completer', 'rad_exam_personnel', 'end_exam_id', 1, 6, true, false, false, NULL, false, false, '2017-07-26 09:42:44.676896-04');
INSERT INTO data_elements (id, json_key, description, industry_aliases, core_table, core_column, data_type_id, element_grouping_id, grouping_mandatory, grouping_inheritence, wildcard, hl7_default_location, hl7_repeating, hl7_mandatory, updated_at) VALUES (41, 'metasite', 'the conventional/arbitrary designation of a list of Sites associated with an external system, or financial or political grouping of the same', 'Metasite, Site List, Affiliates, Hospital Group, Medical System', 'metasites', 'metasite', 1, 34, true, false, false, NULL, false, false, '2017-07-26 09:42:44.676896-04');
INSERT INTO data_elements (id, json_key, description, industry_aliases, core_table, core_column, data_type_id, element_grouping_id, grouping_mandatory, grouping_inheritence, wildcard, hl7_default_location, hl7_repeating, hl7_mandatory, updated_at) VALUES (372, 'claim_transaction_type', 'The type of billing transaction (charge, payment, adjustment, etc.)', 'Transaction Type', 'claim_transaction_types', 'transaction_type', 1, NULL, false, false, false, NULL, false, false, '2017-07-26 09:42:44.676896-04');
INSERT INTO data_elements (id, json_key, description, industry_aliases, core_table, core_column, data_type_id, element_grouping_id, grouping_mandatory, grouping_inheritence, wildcard, hl7_default_location, hl7_repeating, hl7_mandatory, updated_at) VALUES (369, 'service_performed', 'Timestamp of when the service being billed was performed', 'Date of Service', 'claim_transactions', 'service_performed', 3, NULL, false, false, false, NULL, false, false, '2017-07-26 09:42:44.676896-04');
INSERT INTO data_elements (id, json_key, description, industry_aliases, core_table, core_column, data_type_id, element_grouping_id, grouping_mandatory, grouping_inheritence, wildcard, hl7_default_location, hl7_repeating, hl7_mandatory, updated_at) VALUES (459, 'pacs_last_image', 'the time the last image is available in PACS, when the study is ready to be read', 'PACS last image time, study ready to be read', 'rad_pacs_metadata', 'last_image', 3, 16, false, false, false, NULL, false, false, '2017-07-26 09:42:44.676896-04');
INSERT INTO data_elements (id, json_key, description, industry_aliases, core_table, core_column, data_type_id, element_grouping_id, grouping_mandatory, grouping_inheritence, wildcard, hl7_default_location, hl7_repeating, hl7_mandatory, updated_at) VALUES (76, 'ca_performing_id', 'the unique identifier of the provider who performed a procedure or service', 'Performing Provider, Exam Staff', 'rad_exam_personnel, claim_transactions', 'performing_id, performing_employee_id', 1, 7, true, false, false, NULL, false, false, '2017-07-26 09:42:44.676896-04');
INSERT INTO data_elements (id, json_key, description, industry_aliases, core_table, core_column, data_type_id, element_grouping_id, grouping_mandatory, grouping_inheritence, wildcard, hl7_default_location, hl7_repeating, hl7_mandatory, updated_at) VALUES (109, 'ca_radiologist3_metasite', 'the metasite of the external system for the associated identifier key', NULL, 'metasites', 'metasite', 1, 13, false, true, false, NULL, false, false, '2017-07-26 09:42:44.676896-04');
INSERT INTO data_elements (id, json_key, description, industry_aliases, core_table, core_column, data_type_id, element_grouping_id, grouping_mandatory, grouping_inheritence, wildcard, hl7_default_location, hl7_repeating, hl7_mandatory, updated_at) VALUES (380, 'self_pay', 'Flag to indicate if a payment is from the patient or carrier (true=patient, false=carrier).', 'Self-pay', 'claim_transactions', 'self_pay', 2, NULL, false, false, false, NULL, false, false, '2017-07-26 09:42:44.676896-04');
INSERT INTO data_elements (id, json_key, description, industry_aliases, core_table, core_column, data_type_id, element_grouping_id, grouping_mandatory, grouping_inheritence, wildcard, hl7_default_location, hl7_repeating, hl7_mandatory, updated_at) VALUES (176, 'patient_location_metasite', 'the metasite of the external system for the associated key', NULL, 'metasites', 'metasite', 1, 22, false, true, false, NULL, false, false, '2017-07-26 09:42:44.676896-04');
INSERT INTO data_elements (id, json_key, description, industry_aliases, core_table, core_column, data_type_id, element_grouping_id, grouping_mandatory, grouping_inheritence, wildcard, hl7_default_location, hl7_repeating, hl7_mandatory, updated_at) VALUES (168, 'patient_mrn_external_system', 'the external system for the associated key', NULL, 'external_systems', 'external_system', 1, 32, false, true, false, NULL, false, false, '2017-07-26 09:42:44.676896-04');
INSERT INTO data_elements (id, json_key, description, industry_aliases, core_table, core_column, data_type_id, element_grouping_id, grouping_mandatory, grouping_inheritence, wildcard, hl7_default_location, hl7_repeating, hl7_mandatory, updated_at) VALUES (141, 'ca_assisting_tech_1_id', 'the unique identifier of a technologist who assisted with the exam', 'Assisting Technologist', 'rad_exam_personnel', 'assisting_tech1_id', 1, 24, true, false, false, NULL, false, false, '2017-07-26 09:42:44.676896-04');
INSERT INTO data_elements (id, json_key, description, industry_aliases, core_table, core_column, data_type_id, element_grouping_id, grouping_mandatory, grouping_inheritence, wildcard, hl7_default_location, hl7_repeating, hl7_mandatory, updated_at) VALUES (146, 'ca_assisting_tech_2_id', 'the unique identifier of a technologist who assisted with the exam', 'Assisting Technologist', 'rad_exam_personnel', 'assisting_tech2_id', 1, 25, true, false, false, NULL, false, false, '2017-07-26 09:42:44.676896-04');
INSERT INTO data_elements (id, json_key, description, industry_aliases, core_table, core_column, data_type_id, element_grouping_id, grouping_mandatory, grouping_inheritence, wildcard, hl7_default_location, hl7_repeating, hl7_mandatory, updated_at) VALUES (37, 'previous_procedure_code', 'similar to procedure code, but for a procedure which has been changed', 'Previous Procedure Code', 'rad_exam_details', 'previous_procedure_id', 1, 20, true, false, false, NULL, false, false, '2017-07-26 09:42:44.676896-04');
INSERT INTO data_elements (id, json_key, description, industry_aliases, core_table, core_column, data_type_id, element_grouping_id, grouping_mandatory, grouping_inheritence, wildcard, hl7_default_location, hl7_repeating, hl7_mandatory, updated_at) VALUES (68, 'ca_begin_exam_user_system', 'the external system for the associated identifier key', NULL, 'external_systems', 'external_system', 1, 5, false, true, false, NULL, false, false, '2017-07-26 09:42:44.676896-04');
INSERT INTO data_elements (id, json_key, description, industry_aliases, core_table, core_column, data_type_id, element_grouping_id, grouping_mandatory, grouping_inheritence, wildcard, hl7_default_location, hl7_repeating, hl7_mandatory, updated_at) VALUES (147, 'ca_assisting_tech_2_id_type', 'the type of identifier within the external system for the associated identifier key', NULL, 'identifier_types', 'identifier_type', 1, 25, true, false, false, NULL, false, false, '2017-07-26 09:42:44.676896-04');
INSERT INTO data_elements (id, json_key, description, industry_aliases, core_table, core_column, data_type_id, element_grouping_id, grouping_mandatory, grouping_inheritence, wildcard, hl7_default_location, hl7_repeating, hl7_mandatory, updated_at) VALUES (148, 'ca_assisting_tech_2_system', 'the external system for the associated identifier key', NULL, 'external_systems', 'external_system', 1, 25, false, true, false, NULL, false, false, '2017-07-26 09:42:44.676896-04');
INSERT INTO data_elements (id, json_key, description, industry_aliases, core_table, core_column, data_type_id, element_grouping_id, grouping_mandatory, grouping_inheritence, wildcard, hl7_default_location, hl7_repeating, hl7_mandatory, updated_at) VALUES (153, 'ca_assisting_tech_3_system', 'the external system for the associated identifier key', NULL, 'external_systems', 'external_system', 1, 26, false, true, false, NULL, false, false, '2017-07-26 09:42:44.676896-04');
INSERT INTO data_elements (id, json_key, description, industry_aliases, core_table, core_column, data_type_id, element_grouping_id, grouping_mandatory, grouping_inheritence, wildcard, hl7_default_location, hl7_repeating, hl7_mandatory, updated_at) VALUES (113, 'ca_radiologist4_system', 'the external system for the associated identifier key', NULL, 'external_systems', 'external_system', 1, 14, false, true, false, NULL, false, false, '2017-07-26 09:42:44.676896-04');
INSERT INTO data_elements (id, json_key, description, industry_aliases, core_table, core_column, data_type_id, element_grouping_id, grouping_mandatory, grouping_inheritence, wildcard, hl7_default_location, hl7_repeating, hl7_mandatory, updated_at) VALUES (103, 'ca_radiologist2_system', 'the external system for the associated identifier key', NULL, 'external_systems', 'external_system', 1, 12, false, true, false, NULL, false, false, '2017-07-26 09:42:44.676896-04');
INSERT INTO data_elements (id, json_key, description, industry_aliases, core_table, core_column, data_type_id, element_grouping_id, grouping_mandatory, grouping_inheritence, wildcard, hl7_default_location, hl7_repeating, hl7_mandatory, updated_at) VALUES (104, 'ca_radiologist2_metasite', 'the metasite of the external system for the associated identifier key', NULL, 'metasites', 'metasite', 1, 12, false, true, false, NULL, false, false, '2017-07-26 09:42:44.676896-04');
INSERT INTO data_elements (id, json_key, description, industry_aliases, core_table, core_column, data_type_id, element_grouping_id, grouping_mandatory, grouping_inheritence, wildcard, hl7_default_location, hl7_repeating, hl7_mandatory, updated_at) VALUES (163, 'order_number_metasite', 'the metasite of the external system for the associated key', NULL, 'metasites', 'metasite', 1, 28, false, false, false, NULL, false, false, '2017-07-26 09:42:44.676896-04');
INSERT INTO data_elements (id, json_key, description, industry_aliases, core_table, core_column, data_type_id, element_grouping_id, grouping_mandatory, grouping_inheritence, wildcard, hl7_default_location, hl7_repeating, hl7_mandatory, updated_at) VALUES (54, 'ca_check_in_user_metasite', 'the metasite of the external system for the associated identifier key', NULL, 'metasites', 'metasite', 1, 2, false, true, false, NULL, false, false, '2017-07-26 09:42:44.676896-04');
INSERT INTO data_elements (id, json_key, description, industry_aliases, core_table, core_column, data_type_id, element_grouping_id, grouping_mandatory, grouping_inheritence, wildcard, hl7_default_location, hl7_repeating, hl7_mandatory, updated_at) VALUES (434, 'case_number', 'Unique identifier for a radiation oncology case', 'Case Number', 'radonc_cases', 'case_number', 1, NULL, false, false, false, NULL, false, false, '2017-07-26 09:42:44.676896-04');
INSERT INTO data_elements (id, json_key, description, industry_aliases, core_table, core_column, data_type_id, element_grouping_id, grouping_mandatory, grouping_inheritence, wildcard, hl7_default_location, hl7_repeating, hl7_mandatory, updated_at) VALUES (165, 'master_order_number_metasite', 'the metasite of the external system for the associated key', NULL, 'metasites', 'metasite', 1, 28, false, false, false, NULL, false, false, '2017-07-26 09:42:44.676896-04');
INSERT INTO data_elements (id, json_key, description, industry_aliases, core_table, core_column, data_type_id, element_grouping_id, grouping_mandatory, grouping_inheritence, wildcard, hl7_default_location, hl7_repeating, hl7_mandatory, updated_at) VALUES (87, 'ca_ordering_id_type', 'the type of identifier within the external system for the associated identifier key', NULL, 'identifier_types', 'identifier_type', 1, 9, true, false, false, NULL, false, false, '2017-07-26 09:42:44.676896-04');
INSERT INTO data_elements (id, json_key, description, industry_aliases, core_table, core_column, data_type_id, element_grouping_id, grouping_mandatory, grouping_inheritence, wildcard, hl7_default_location, hl7_repeating, hl7_mandatory, updated_at) VALUES (47, 'ca_scheduler_id_type', 'the type of identifier within the external system for the associated identifier key', NULL, 'identifier_types', 'identifier_type', 1, 1, true, false, false, NULL, false, false, '2017-07-26 09:42:44.676896-04');
INSERT INTO data_elements (id, json_key, description, industry_aliases, core_table, core_column, data_type_id, element_grouping_id, grouping_mandatory, grouping_inheritence, wildcard, hl7_default_location, hl7_repeating, hl7_mandatory, updated_at) VALUES (131, 'pacs_speciality', 'exam specialty from PACS', 'PACS Speciality', 'rad_pacs_specialities', 'speciality', 1, 16, false, false, false, NULL, false, false, '2017-07-26 09:42:44.676896-04');
INSERT INTO data_elements (id, json_key, description, industry_aliases, core_table, core_column, data_type_id, element_grouping_id, grouping_mandatory, grouping_inheritence, wildcard, hl7_default_location, hl7_repeating, hl7_mandatory, updated_at) VALUES (59, 'ca_sign_in_user_metasite', 'the metasite of the external system for the associated identifier key', NULL, 'metasites', 'metasite', 1, 3, false, true, false, NULL, false, false, '2017-07-26 09:42:44.676896-04');
INSERT INTO data_elements (id, json_key, description, industry_aliases, core_table, core_column, data_type_id, element_grouping_id, grouping_mandatory, grouping_inheritence, wildcard, hl7_default_location, hl7_repeating, hl7_mandatory, updated_at) VALUES (159, 'ca_operator_metasite', 'the metasite of the external system for the associated identifier key', NULL, 'metasites', 'metasite', 1, 27, false, true, false, NULL, false, false, '2017-07-26 09:42:44.676896-04');
INSERT INTO data_elements (id, json_key, description, industry_aliases, core_table, core_column, data_type_id, element_grouping_id, grouping_mandatory, grouping_inheritence, wildcard, hl7_default_location, hl7_repeating, hl7_mandatory, updated_at) VALUES (83, 'ca_attending_system', 'the external system for the associated identifier key', NULL, 'external_systems', 'external_system', 1, 8, false, true, false, NULL, false, false, '2017-07-26 09:42:44.676896-04');
INSERT INTO data_elements (id, json_key, description, industry_aliases, core_table, core_column, data_type_id, element_grouping_id, grouping_mandatory, grouping_inheritence, wildcard, hl7_default_location, hl7_repeating, hl7_mandatory, updated_at) VALUES (180, 'patient_empi_metasite', 'the metasite of the external system for the associated key', NULL, 'metasites', 'metasite', 1, 30, true, false, false, NULL, false, false, '2017-07-26 09:42:44.676896-04');
INSERT INTO data_elements (id, json_key, description, industry_aliases, core_table, core_column, data_type_id, element_grouping_id, grouping_mandatory, grouping_inheritence, wildcard, hl7_default_location, hl7_repeating, hl7_mandatory, updated_at) VALUES (93, 'ca_authorizing_system', 'the external system for the associated identifier key', NULL, 'external_systems', 'external_system', 1, 10, false, true, false, NULL, false, false, '2017-07-26 09:42:44.676896-04');
INSERT INTO data_elements (id, json_key, description, industry_aliases, core_table, core_column, data_type_id, element_grouping_id, grouping_mandatory, grouping_inheritence, wildcard, hl7_default_location, hl7_repeating, hl7_mandatory, updated_at) VALUES (143, 'ca_assisting_tech_1_system', 'the external system for the associated identifier key', NULL, 'external_systems', 'external_system', 1, 24, false, true, false, NULL, false, false, '2017-07-26 09:42:44.676896-04');
INSERT INTO data_elements (id, json_key, description, industry_aliases, core_table, core_column, data_type_id, element_grouping_id, grouping_mandatory, grouping_inheritence, wildcard, hl7_default_location, hl7_repeating, hl7_mandatory, updated_at) VALUES (111, 'ca_radiologist4_id', 'the unique identifier of the user who assisted with the report', 'Assisting Radiologist, Resident', 'rad_reports', 'rad4_id', 1, 14, true, false, false, NULL, false, false, '2017-07-26 09:42:44.676896-04');
INSERT INTO data_elements (id, json_key, description, industry_aliases, core_table, core_column, data_type_id, element_grouping_id, grouping_mandatory, grouping_inheritence, wildcard, hl7_default_location, hl7_repeating, hl7_mandatory, updated_at) VALUES (140, 'exam_meta_*_metasite', 'the metasite of the external system for the associated key', NULL, 'metasites', 'metasite', 1, 18, true, true, true, NULL, false, false, '2017-07-26 09:42:44.676896-04');
INSERT INTO data_elements (id, json_key, description, industry_aliases, core_table, core_column, data_type_id, element_grouping_id, grouping_mandatory, grouping_inheritence, wildcard, hl7_default_location, hl7_repeating, hl7_mandatory, updated_at) VALUES (126, 'pacs_metasite', 'the metasite of the external system for the associated key', NULL, 'metasites', 'metasite', 1, 16, true, false, false, NULL, false, false, '2017-07-26 09:42:44.676896-04');
INSERT INTO data_elements (id, json_key, description, industry_aliases, core_table, core_column, data_type_id, element_grouping_id, grouping_mandatory, grouping_inheritence, wildcard, hl7_default_location, hl7_repeating, hl7_mandatory, updated_at) VALUES (125, 'external_status_*_metasite', 'the metasite of the external system for the associated key', NULL, 'metasites', 'metasite', 1, 17, true, false, false, NULL, false, false, '2017-07-26 09:42:44.676896-04');
INSERT INTO data_elements (id, json_key, description, industry_aliases, core_table, core_column, data_type_id, element_grouping_id, grouping_mandatory, grouping_inheritence, wildcard, hl7_default_location, hl7_repeating, hl7_mandatory, updated_at) VALUES (72, 'ca_end_exam_user_id_type', 'the type of identifier within the external system for the associated identifier key', NULL, 'identifier_types', 'identifier_type', 1, 6, true, false, false, NULL, false, false, '2017-07-26 09:42:44.676896-04');
INSERT INTO data_elements (id, json_key, description, industry_aliases, core_table, core_column, data_type_id, element_grouping_id, grouping_mandatory, grouping_inheritence, wildcard, hl7_default_location, hl7_repeating, hl7_mandatory, updated_at) VALUES (77, 'ca_performing_id_type', 'the type of identifier within the external system for the associated identifier key', NULL, 'identifier_types', 'identifier_type', 1, 7, true, false, false, NULL, false, false, '2017-07-26 09:42:44.676896-04');
INSERT INTO data_elements (id, json_key, description, industry_aliases, core_table, core_column, data_type_id, element_grouping_id, grouping_mandatory, grouping_inheritence, wildcard, hl7_default_location, hl7_repeating, hl7_mandatory, updated_at) VALUES (366, 'claim_number', 'Unique identifier for one or more charges for a given encounter', 'Claim Number, Invoice Number, Transaction UID', 'claims', 'claim_number', 1, NULL, false, false, false, NULL, false, false, '2017-07-26 09:42:44.676896-04');
INSERT INTO data_elements (id, json_key, description, industry_aliases, core_table, core_column, data_type_id, element_grouping_id, grouping_mandatory, grouping_inheritence, wildcard, hl7_default_location, hl7_repeating, hl7_mandatory, updated_at) VALUES (391, 'insurance_auth_number', 'The authorization number from the carrier for a claim.', 'Insurance Authorization Number', 'claim_transactions', 'auth_number', 1, 37, false, false, false, NULL, false, false, '2017-07-26 09:42:44.676896-04');
INSERT INTO data_elements (id, json_key, description, industry_aliases, core_table, core_column, data_type_id, element_grouping_id, grouping_mandatory, grouping_inheritence, wildcard, hl7_default_location, hl7_repeating, hl7_mandatory, updated_at) VALUES (373, 'claim_transaction_status', 'The current status of the claim transaction.', 'Claim Status, Transaction Status, Account Status, Invoice Status, Charge Status, Billing Status', 'external_system_statuses', 'status', 1, NULL, false, false, false, NULL, false, false, '2017-07-26 09:42:44.676896-04');
INSERT INTO data_elements (id, json_key, description, industry_aliases, core_table, core_column, data_type_id, element_grouping_id, grouping_mandatory, grouping_inheritence, wildcard, hl7_default_location, hl7_repeating, hl7_mandatory, updated_at) VALUES (390, 'insurance_carrier_plan_name', 'The plan name of the insurance', 'Insurance Carrier Plan Name', 'insurance_carrier_plans', 'plan_name', 1, 37, false, false, false, NULL, false, false, '2017-07-26 09:42:44.676896-04');
INSERT INTO data_elements (id, json_key, description, industry_aliases, core_table, core_column, data_type_id, element_grouping_id, grouping_mandatory, grouping_inheritence, wildcard, hl7_default_location, hl7_repeating, hl7_mandatory, updated_at) VALUES (160, 'ca_operator_person_name', 'the name of the employee for the associated identifier key (only applied if a new employee is created)', NULL, 'employees', 'name', 1, 27, false, false, false, 'EVN.5.2', false, false, '2017-07-26 09:42:44.676896-04');
INSERT INTO data_elements (id, json_key, description, industry_aliases, core_table, core_column, data_type_id, element_grouping_id, grouping_mandatory, grouping_inheritence, wildcard, hl7_default_location, hl7_repeating, hl7_mandatory, updated_at) VALUES (86, 'ca_ordering_id', 'the unique identifier of the provider who ordered the exam (not necessarily attending or authorizing)', 'Ordering Provider, Requesting Provider, Referring Provider', 'rad_exam_personnel, claim_transactions', 'ordering_id, ordering_employee_id', 1, 9, true, false, false, 'ORC.12.1', false, true, '2017-07-26 09:42:44.676896-04');
INSERT INTO data_elements (id, json_key, description, industry_aliases, core_table, core_column, data_type_id, element_grouping_id, grouping_mandatory, grouping_inheritence, wildcard, hl7_default_location, hl7_repeating, hl7_mandatory, updated_at) VALUES (61, 'ca_technologist_id', 'the unique identifier of the technologist who performed the exam', 'Technologist, Performing Technologist, Exam Staff', 'rad_exam_personnel', 'technologist_id', 1, 4, true, false, false, 'OBR.34.1', false, true, '2017-07-26 09:42:44.676896-04');
INSERT INTO data_elements (id, json_key, description, industry_aliases, core_table, core_column, data_type_id, element_grouping_id, grouping_mandatory, grouping_inheritence, wildcard, hl7_default_location, hl7_repeating, hl7_mandatory, updated_at) VALUES (15, 'rad_exam_dept', 'department within radiology performing the service, often modality- or location-oriented', 'Radiology Department, Service, Modality, Unit, Specialty', 'rad_exam_departments', 'department', 1, 31, true, false, false, 'ORC.13.9', false, true, '2017-07-26 09:42:44.676896-04');
INSERT INTO data_elements (id, json_key, description, industry_aliases, core_table, core_column, data_type_id, element_grouping_id, grouping_mandatory, grouping_inheritence, wildcard, hl7_default_location, hl7_repeating, hl7_mandatory, updated_at) VALUES (456, 'report_impression', 'impression/most import subsection of the report text', 'Impression, Opinion, Findings', 'rad_reports', 'report_impression', 1, NULL, false, false, false, 'OBX.5', true, true, '2017-07-26 09:42:44.676896-04');
INSERT INTO data_elements (id, json_key, description, industry_aliases, core_table, core_column, data_type_id, element_grouping_id, grouping_mandatory, grouping_inheritence, wildcard, hl7_default_location, hl7_repeating, hl7_mandatory, updated_at) VALUES (13, 'master_order_number', 'Master/parent order number, used to associate child orders.', 'Master Order Number, Primary Order Number, Parent Order Number', 'orders', 'master_order_id', 1, 28, false, false, false, 'ORC.4.1', false, false, '2017-07-26 09:42:44.676896-04');
INSERT INTO data_elements (id, json_key, description, industry_aliases, core_table, core_column, data_type_id, element_grouping_id, grouping_mandatory, grouping_inheritence, wildcard, hl7_default_location, hl7_repeating, hl7_mandatory, updated_at) VALUES (386, 'insurance_policy_group_number', 'The group number of the insurance policy', 'Insurance Policy Group Number', 'insurance_policies', 'group_number', 1, 37, false, false, false, NULL, false, false, '2017-07-26 09:42:44.676896-04');
INSERT INTO data_elements (id, json_key, description, industry_aliases, core_table, core_column, data_type_id, element_grouping_id, grouping_mandatory, grouping_inheritence, wildcard, hl7_default_location, hl7_repeating, hl7_mandatory, updated_at) VALUES (57, 'ca_sign_in_user_id_type', 'the type of identifier within the external system for the associated identifier key', NULL, 'identifier_types', 'identifier_type', 1, 3, true, false, false, NULL, false, false, '2017-07-26 09:42:44.676896-04');
INSERT INTO data_elements (id, json_key, description, industry_aliases, core_table, core_column, data_type_id, element_grouping_id, grouping_mandatory, grouping_inheritence, wildcard, hl7_default_location, hl7_repeating, hl7_mandatory, updated_at) VALUES (392, 'insurance_policy_relationship_type', 'The relationship between the insured and the insurance policy holder.', 'Insurance Policy Relationship Type', 'insurance_policy_relationship_types', 'relationship', 1, 37, true, false, false, NULL, false, false, '2017-07-26 09:42:44.676896-04');
INSERT INTO data_elements (id, json_key, description, industry_aliases, core_table, core_column, data_type_id, element_grouping_id, grouping_mandatory, grouping_inheritence, wildcard, hl7_default_location, hl7_repeating, hl7_mandatory, updated_at) VALUES (114, 'ca_radiologist4_metasite', 'the metasite of the external system for the associated identifier key', NULL, 'metasites', 'metasite', 1, 14, false, true, false, NULL, false, false, '2017-07-26 09:42:44.676896-04');
INSERT INTO data_elements (id, json_key, description, industry_aliases, core_table, core_column, data_type_id, element_grouping_id, grouping_mandatory, grouping_inheritence, wildcard, hl7_default_location, hl7_repeating, hl7_mandatory, updated_at) VALUES (102, 'ca_radiologist2_id_type', 'the type of identifier within the external system for the associated identifier key', NULL, 'identifier_types', 'identifier_type', 1, 12, true, false, false, NULL, false, false, '2017-07-26 09:42:44.676896-04');
INSERT INTO data_elements (id, json_key, description, industry_aliases, core_table, core_column, data_type_id, element_grouping_id, grouping_mandatory, grouping_inheritence, wildcard, hl7_default_location, hl7_repeating, hl7_mandatory, updated_at) VALUES (82, 'ca_attending_id_type', 'the type of identifier within the external system for the associated identifier key', NULL, 'identifier_types', 'identifier_type', 1, 8, true, false, false, NULL, false, false, '2017-07-26 09:42:44.676896-04');
INSERT INTO data_elements (id, json_key, description, industry_aliases, core_table, core_column, data_type_id, element_grouping_id, grouping_mandatory, grouping_inheritence, wildcard, hl7_default_location, hl7_repeating, hl7_mandatory, updated_at) VALUES (92, 'ca_authorizing_id_type', 'the type of identifier within the external system for the associated identifier key', NULL, 'identifier_types', 'identifier_type', 1, 10, true, false, false, NULL, false, false, '2017-07-26 09:42:44.676896-04');
INSERT INTO data_elements (id, json_key, description, industry_aliases, core_table, core_column, data_type_id, element_grouping_id, grouping_mandatory, grouping_inheritence, wildcard, hl7_default_location, hl7_repeating, hl7_mandatory, updated_at) VALUES (138, 'exam_meta_*_value', 'Additional data elements about an exam that are not yet part of the data model (e.g. site-specific information).  The wildcard is the exam_metadata_type', NULL, 'rad_exam_metadata', 'metadata', 1, 18, true, NULL, true, NULL, false, false, '2017-07-26 09:42:44.676896-04');
INSERT INTO data_elements (id, json_key, description, industry_aliases, core_table, core_column, data_type_id, element_grouping_id, grouping_mandatory, grouping_inheritence, wildcard, hl7_default_location, hl7_repeating, hl7_mandatory, updated_at) VALUES (117, 'ca_transcriptionist_id_type', 'the type of identifier within the external system for the associated identifier key', NULL, 'identifier_types', 'identifier_type', 1, 15, true, false, false, NULL, false, false, '2017-07-26 09:42:44.676896-04');
INSERT INTO data_elements (id, json_key, description, industry_aliases, core_table, core_column, data_type_id, element_grouping_id, grouping_mandatory, grouping_inheritence, wildcard, hl7_default_location, hl7_repeating, hl7_mandatory, updated_at) VALUES (152, 'ca_assisting_tech_3_id_type', 'the type of identifier within the external system for the associated identifier key', NULL, 'identifier_types', 'identifier_type', 1, 26, true, false, false, NULL, false, false, '2017-07-26 09:42:44.676896-04');
INSERT INTO data_elements (id, json_key, description, industry_aliases, core_table, core_column, data_type_id, element_grouping_id, grouping_mandatory, grouping_inheritence, wildcard, hl7_default_location, hl7_repeating, hl7_mandatory, updated_at) VALUES (136, 'patient_demo_*', 'patient demographic information (per visit), the wildcard is the demographic_type', 'Patient Demographics', 'patient_demos', 'demographic', 1, NULL, NULL, NULL, true, NULL, false, false, '2017-07-26 09:42:44.676896-04');
INSERT INTO data_elements (id, json_key, description, industry_aliases, core_table, core_column, data_type_id, element_grouping_id, grouping_mandatory, grouping_inheritence, wildcard, hl7_default_location, hl7_repeating, hl7_mandatory, updated_at) VALUES (20, 'exam_delay_reason', 'reason from a list explaining why a procedure was delayed in starting', 'Exam Delay Reason', 'reasons', 'reason', 1, NULL, false, false, false, NULL, false, false, '2017-07-26 09:42:44.676896-04');
INSERT INTO data_elements (id, json_key, description, industry_aliases, core_table, core_column, data_type_id, element_grouping_id, grouping_mandatory, grouping_inheritence, wildcard, hl7_default_location, hl7_repeating, hl7_mandatory, updated_at) VALUES (166, 'pacs_study_comments', 'free text study comments in PACS', 'PACS Study Comments', 'rad_pacs_metadata', 'study_comments', 1, 16, false, false, false, NULL, false, false, '2017-07-26 09:42:44.676896-04');
INSERT INTO data_elements (id, json_key, description, industry_aliases, core_table, core_column, data_type_id, element_grouping_id, grouping_mandatory, grouping_inheritence, wildcard, hl7_default_location, hl7_repeating, hl7_mandatory, updated_at) VALUES (38, 'previous_procedure_description', 'similar to procedure description, but for a procedure which has been changed', 'Previous Procedure Description', 'rad_exam_details', 'previous_procedure_id', 1, 20, false, false, false, NULL, false, false, '2017-07-26 09:42:44.676896-04');
INSERT INTO data_elements (id, json_key, description, industry_aliases, core_table, core_column, data_type_id, element_grouping_id, grouping_mandatory, grouping_inheritence, wildcard, hl7_default_location, hl7_repeating, hl7_mandatory, updated_at) VALUES (167, 'rad_exam_dept_description', 'human name of radiology exam department', 'Radiology Department Description, Service Description, Unit Description, Specialty Description', 'rad_exam_departments', 'description', 1, 31, false, false, false, NULL, false, false, '2017-07-26 09:42:44.676896-04');
INSERT INTO data_elements (id, json_key, description, industry_aliases, core_table, core_column, data_type_id, element_grouping_id, grouping_mandatory, grouping_inheritence, wildcard, hl7_default_location, hl7_repeating, hl7_mandatory, updated_at) VALUES (94, 'ca_authorizing_metasite', 'the metasite of the external system for the associated identifier key', NULL, 'metasites', 'metasite', 1, 10, false, true, false, NULL, false, false, '2017-07-26 09:42:44.676896-04');
INSERT INTO data_elements (id, json_key, description, industry_aliases, core_table, core_column, data_type_id, element_grouping_id, grouping_mandatory, grouping_inheritence, wildcard, hl7_default_location, hl7_repeating, hl7_mandatory, updated_at) VALUES (18, 'procedure_change_reason', 'reason from a list explaining why a procedure was changed', 'Procedure Change Reason', 'reasons', 'reason', 1, NULL, false, false, false, NULL, false, false, '2017-07-26 09:42:44.676896-04');
INSERT INTO data_elements (id, json_key, description, industry_aliases, core_table, core_column, data_type_id, element_grouping_id, grouping_mandatory, grouping_inheritence, wildcard, hl7_default_location, hl7_repeating, hl7_mandatory, updated_at) VALUES (134, 'site_class_trauma', 'boolean of trauma center designation for Site Class', 'Site Class Trauma Flag, TR Flag, TRU Flag', 'site_classes', 'trauma', 1, 21, false, false, false, NULL, false, false, '2017-07-26 09:42:44.676896-04');
INSERT INTO data_elements (id, json_key, description, industry_aliases, core_table, core_column, data_type_id, element_grouping_id, grouping_mandatory, grouping_inheritence, wildcard, hl7_default_location, hl7_repeating, hl7_mandatory, updated_at) VALUES (74, 'ca_end_exam_user_metasite', 'the metasite of the external system for the associated identifier key', NULL, 'metasites', 'metasite', 1, 6, false, true, false, NULL, false, false, '2017-07-26 09:42:44.676896-04');
INSERT INTO data_elements (id, json_key, description, industry_aliases, core_table, core_column, data_type_id, element_grouping_id, grouping_mandatory, grouping_inheritence, wildcard, hl7_default_location, hl7_repeating, hl7_mandatory, updated_at) VALUES (42, 'external_system', 'an outside clinical information system that interfaces with the platform', 'External System', 'external_systems', 'external_system', 1, 34, true, true, false, NULL, false, false, '2017-07-26 09:42:44.676896-04');
INSERT INTO data_elements (id, json_key, description, industry_aliases, core_table, core_column, data_type_id, element_grouping_id, grouping_mandatory, grouping_inheritence, wildcard, hl7_default_location, hl7_repeating, hl7_mandatory, updated_at) VALUES (130, 'pacs_body_part', 'exam body part from PACS', 'PACS Body Part', 'rad_pacs_bodyparts', 'bodypart', 1, 16, false, false, false, NULL, false, false, '2017-07-26 09:42:44.676896-04');
INSERT INTO data_elements (id, json_key, description, industry_aliases, core_table, core_column, data_type_id, element_grouping_id, grouping_mandatory, grouping_inheritence, wildcard, hl7_default_location, hl7_repeating, hl7_mandatory, updated_at) VALUES (128, 'pacs_ae_title', 'DICOM AE title of sending modality', 'PACS AE Title', 'rad_pacs_aet', 'ae_title', 1, 16, false, false, false, NULL, false, false, '2017-07-26 09:42:44.676896-04');
INSERT INTO data_elements (id, json_key, description, industry_aliases, core_table, core_column, data_type_id, element_grouping_id, grouping_mandatory, grouping_inheritence, wildcard, hl7_default_location, hl7_repeating, hl7_mandatory, updated_at) VALUES (132, 'pacs_modality', 'DICOM modality type', 'PACS Modality Type', 'rad_pacs_modalities', 'modality', 1, 16, false, false, false, NULL, false, false, '2017-07-26 09:42:44.676896-04');
INSERT INTO data_elements (id, json_key, description, industry_aliases, core_table, core_column, data_type_id, element_grouping_id, grouping_mandatory, grouping_inheritence, wildcard, hl7_default_location, hl7_repeating, hl7_mandatory, updated_at) VALUES (129, 'pacs_station_name', 'DICOM station name of sending modality', 'PACS Station Name', 'rad_pacs_station_names', 'station_name', 1, 16, false, false, false, NULL, false, false, '2017-07-26 09:42:44.676896-04');
INSERT INTO data_elements (id, json_key, description, industry_aliases, core_table, core_column, data_type_id, element_grouping_id, grouping_mandatory, grouping_inheritence, wildcard, hl7_default_location, hl7_repeating, hl7_mandatory, updated_at) VALUES (450, 'insurance_*_carrier', 'Name of the insurance carrier. The wildcard is an integer &gt;=1 which associates the grouped insurance information together, allowing for coverage from multiple entities to be documented in a single message.', 'Insurace Carrier Name', 'insurance_carriers', 'carrier', 1, 46, true, false, true, NULL, false, false, '2017-07-26 09:42:44.676896-04');
INSERT INTO data_elements (id, json_key, description, industry_aliases, core_table, core_column, data_type_id, element_grouping_id, grouping_mandatory, grouping_inheritence, wildcard, hl7_default_location, hl7_repeating, hl7_mandatory, updated_at) VALUES (432, 'claim_clinical_department_identifier', 'the clinical unique identifier for the department which performed the service being billed (e.g. an accession_number for radiology)', 'Charge Department Clinical Identifier', 'N/A', 'N/A', 1, 43, true, false, false, NULL, false, false, '2017-07-26 09:42:44.676896-04');
INSERT INTO data_elements (id, json_key, description, industry_aliases, core_table, core_column, data_type_id, element_grouping_id, grouping_mandatory, grouping_inheritence, wildcard, hl7_default_location, hl7_repeating, hl7_mandatory, updated_at) VALUES (169, 'patient_mrn_metasite', 'the metasite of the external system for the associated key', NULL, 'metasites', 'metasite', 1, 32, false, true, false, NULL, false, false, '2017-07-26 09:42:44.676896-04');
INSERT INTO data_elements (id, json_key, description, industry_aliases, core_table, core_column, data_type_id, element_grouping_id, grouping_mandatory, grouping_inheritence, wildcard, hl7_default_location, hl7_repeating, hl7_mandatory, updated_at) VALUES (171, 'site_class_metasite', 'the metasite of the external system for the associated key', NULL, 'metasites', 'metasite', 1, 21, false, true, false, NULL, false, false, '2017-07-26 09:42:44.676896-04');
INSERT INTO data_elements (id, json_key, description, industry_aliases, core_table, core_column, data_type_id, element_grouping_id, grouping_mandatory, grouping_inheritence, wildcard, hl7_default_location, hl7_repeating, hl7_mandatory, updated_at) VALUES (172, 'visit_number_metasite', 'the metasite of the external system for the associated key', NULL, 'metasites', 'metasite', 1, 29, false, true, false, NULL, false, false, '2017-07-26 09:42:44.676896-04');
INSERT INTO data_elements (id, json_key, description, industry_aliases, core_table, core_column, data_type_id, element_grouping_id, grouping_mandatory, grouping_inheritence, wildcard, hl7_default_location, hl7_repeating, hl7_mandatory, updated_at) VALUES (188, 'previous_patient_mrn_metasite', 'the metasite of the external system for the associated key', NULL, 'metasites', 'metasite', 1, 33, false, true, false, NULL, false, false, '2017-07-26 09:42:44.676896-04');
INSERT INTO data_elements (id, json_key, description, industry_aliases, core_table, core_column, data_type_id, element_grouping_id, grouping_mandatory, grouping_inheritence, wildcard, hl7_default_location, hl7_repeating, hl7_mandatory, updated_at) VALUES (173, 'visit_number_external_system', 'the external system for the associated key', NULL, 'external_systems', 'external_system', 1, 29, false, true, false, NULL, false, false, '2017-07-26 09:42:44.676896-04');
INSERT INTO data_elements (id, json_key, description, industry_aliases, core_table, core_column, data_type_id, element_grouping_id, grouping_mandatory, grouping_inheritence, wildcard, hl7_default_location, hl7_repeating, hl7_mandatory, updated_at) VALUES (67, 'ca_begin_exam_user_id_type', 'the type of identifier within the external system for the associated identifier key', NULL, 'identifier_types', 'identifier_type', 1, 5, true, false, false, NULL, false, false, '2017-07-26 09:42:44.676896-04');
INSERT INTO data_elements (id, json_key, description, industry_aliases, core_table, core_column, data_type_id, element_grouping_id, grouping_mandatory, grouping_inheritence, wildcard, hl7_default_location, hl7_repeating, hl7_mandatory, updated_at) VALUES (187, 'previous_patient_mrn_external_system', 'the external system for the associated key', NULL, 'external_systems', 'external_system', 1, 33, false, true, false, NULL, false, false, '2017-07-26 09:42:44.676896-04');
INSERT INTO data_elements (id, json_key, description, industry_aliases, core_table, core_column, data_type_id, element_grouping_id, grouping_mandatory, grouping_inheritence, wildcard, hl7_default_location, hl7_repeating, hl7_mandatory, updated_at) VALUES (184, 'patient_mrn_*_metasite', 'the metasite of the external system for the associated key', NULL, 'metasites', 'metasite', 1, 36, true, false, true, NULL, false, false, '2017-07-26 09:42:44.676896-04');
INSERT INTO data_elements (id, json_key, description, industry_aliases, core_table, core_column, data_type_id, element_grouping_id, grouping_mandatory, grouping_inheritence, wildcard, hl7_default_location, hl7_repeating, hl7_mandatory, updated_at) VALUES (379, 'denial_reason', 'Free-text or coded reason for a transaction being denied by a carrier', 'Charge Denial Reason', 'reasons', 'reason', 1, NULL, false, false, false, NULL, false, false, '2017-07-26 09:42:44.676896-04');
INSERT INTO data_elements (id, json_key, description, industry_aliases, core_table, core_column, data_type_id, element_grouping_id, grouping_mandatory, grouping_inheritence, wildcard, hl7_default_location, hl7_repeating, hl7_mandatory, updated_at) VALUES (370, 'transaction_unit_count', 'The number of units being charged at the amount for the transaction', 'Count, Units, Quantity', 'claim_transactions', 'unit_count', 6, NULL, false, false, false, NULL, false, false, '2017-07-26 09:42:44.676896-04');
INSERT INTO data_elements (id, json_key, description, industry_aliases, core_table, core_column, data_type_id, element_grouping_id, grouping_mandatory, grouping_inheritence, wildcard, hl7_default_location, hl7_repeating, hl7_mandatory, updated_at) VALUES (388, 'insurance_carrier', 'Name of the insurance carrier for the claim.', 'Insurace Carrier Name', 'insurance_carriers', 'carrier', 1, 37, true, false, false, NULL, false, false, '2017-07-26 09:42:44.676896-04');
INSERT INTO data_elements (id, json_key, description, industry_aliases, core_table, core_column, data_type_id, element_grouping_id, grouping_mandatory, grouping_inheritence, wildcard, hl7_default_location, hl7_repeating, hl7_mandatory, updated_at) VALUES (118, 'ca_transcriptionist_system', 'the external system for the associated identifier key', NULL, 'external_systems', 'external_system', 1, 15, false, true, false, NULL, false, false, '2017-07-26 09:42:44.676896-04');
INSERT INTO data_elements (id, json_key, description, industry_aliases, core_table, core_column, data_type_id, element_grouping_id, grouping_mandatory, grouping_inheritence, wildcard, hl7_default_location, hl7_repeating, hl7_mandatory, updated_at) VALUES (98, 'ca_radiologist1_system', 'the external system for the associated identifier key', NULL, 'external_systems', 'external_system', 1, 11, false, true, false, NULL, false, false, '2017-07-26 09:42:44.676896-04');
INSERT INTO data_elements (id, json_key, description, industry_aliases, core_table, core_column, data_type_id, element_grouping_id, grouping_mandatory, grouping_inheritence, wildcard, hl7_default_location, hl7_repeating, hl7_mandatory, updated_at) VALUES (62, 'ca_technologist_id_type', 'the type of identifier within the external system for the associated identifier key', NULL, 'identifier_types', 'identifier_type', 1, 4, true, false, false, NULL, false, false, '2017-07-26 09:42:44.676896-04');
INSERT INTO data_elements (id, json_key, description, industry_aliases, core_table, core_column, data_type_id, element_grouping_id, grouping_mandatory, grouping_inheritence, wildcard, hl7_default_location, hl7_repeating, hl7_mandatory, updated_at) VALUES (378, 'claim_transaction_comments', 'Free-text comments about the transaction', 'Transaction Comments', 'claim_transactions', 'comments', 1, NULL, false, false, false, NULL, false, false, '2017-07-26 09:42:44.676896-04');
INSERT INTO data_elements (id, json_key, description, industry_aliases, core_table, core_column, data_type_id, element_grouping_id, grouping_mandatory, grouping_inheritence, wildcard, hl7_default_location, hl7_repeating, hl7_mandatory, updated_at) VALUES (179, 'patient_empi_external_system', 'the external system for the associated key', NULL, 'external_systems', 'external_system', 1, 30, true, false, false, NULL, false, false, '2017-07-26 09:42:44.676896-04');
INSERT INTO data_elements (id, json_key, description, industry_aliases, core_table, core_column, data_type_id, element_grouping_id, grouping_mandatory, grouping_inheritence, wildcard, hl7_default_location, hl7_repeating, hl7_mandatory, updated_at) VALUES (183, 'patient_mrn_*_external_system', 'the external system for the associated key', NULL, 'external_systems', 'external_system', 1, 36, true, false, true, NULL, false, false, '2017-07-26 09:42:44.676896-04');
INSERT INTO data_elements (id, json_key, description, industry_aliases, core_table, core_column, data_type_id, element_grouping_id, grouping_mandatory, grouping_inheritence, wildcard, hl7_default_location, hl7_repeating, hl7_mandatory, updated_at) VALUES (139, 'exam_meta_*_system', 'the external system for the associated key', NULL, 'external_systems', 'external_system', 1, 18, true, true, true, NULL, false, false, '2017-07-26 09:42:44.676896-04');
INSERT INTO data_elements (id, json_key, description, industry_aliases, core_table, core_column, data_type_id, element_grouping_id, grouping_mandatory, grouping_inheritence, wildcard, hl7_default_location, hl7_repeating, hl7_mandatory, updated_at) VALUES (75, 'ca_end_exam_user_person_name', 'the name of the employee for the associated identifier key (only applied if a new employee is created)', NULL, 'employees', 'name', 1, 6, false, false, false, NULL, false, false, '2017-07-26 09:42:44.676896-04');
INSERT INTO data_elements (id, json_key, description, industry_aliases, core_table, core_column, data_type_id, element_grouping_id, grouping_mandatory, grouping_inheritence, wildcard, hl7_default_location, hl7_repeating, hl7_mandatory, updated_at) VALUES (127, 'pacs_external_system', 'the external system for the associated key', NULL, 'external_systems', 'external_system', 1, 16, true, false, false, NULL, false, false, '2017-07-26 09:42:44.676896-04');
INSERT INTO data_elements (id, json_key, description, industry_aliases, core_table, core_column, data_type_id, element_grouping_id, grouping_mandatory, grouping_inheritence, wildcard, hl7_default_location, hl7_repeating, hl7_mandatory, updated_at) VALUES (124, 'external_status_*_system', 'the external system for the associated key', NULL, 'external_systems', 'external_system', 1, 17, true, false, false, NULL, false, false, '2017-07-26 09:42:44.676896-04');
INSERT INTO data_elements (id, json_key, description, industry_aliases, core_table, core_column, data_type_id, element_grouping_id, grouping_mandatory, grouping_inheritence, wildcard, hl7_default_location, hl7_repeating, hl7_mandatory, updated_at) VALUES (164, 'master_order_number_external_system', 'the external system for the associated key', NULL, 'external_systems', 'external_system', 1, 28, false, false, false, NULL, false, false, '2017-07-26 09:42:44.676896-04');
INSERT INTO data_elements (id, json_key, description, industry_aliases, core_table, core_column, data_type_id, element_grouping_id, grouping_mandatory, grouping_inheritence, wildcard, hl7_default_location, hl7_repeating, hl7_mandatory, updated_at) VALUES (162, 'order_number_external_system', 'the external system for the associated key', NULL, 'external_systems', 'external_system', 1, 28, false, false, false, NULL, false, false, '2017-07-26 09:42:44.676896-04');
INSERT INTO data_elements (id, json_key, description, industry_aliases, core_table, core_column, data_type_id, element_grouping_id, grouping_mandatory, grouping_inheritence, wildcard, hl7_default_location, hl7_repeating, hl7_mandatory, updated_at) VALUES (49, 'ca_scheduler_metasite', 'the metasite of the external system for the associated identifier key', NULL, 'metasites', 'metasite', 1, 1, false, true, false, NULL, false, false, '2017-07-26 09:42:44.676896-04');
INSERT INTO data_elements (id, json_key, description, industry_aliases, core_table, core_column, data_type_id, element_grouping_id, grouping_mandatory, grouping_inheritence, wildcard, hl7_default_location, hl7_repeating, hl7_mandatory, updated_at) VALUES (70, 'ca_begin_exam_user_person_name', 'the name of the employee for the associated identifier key (only applied if a new employee is created)', NULL, 'employees', 'name', 1, 5, false, false, false, NULL, false, false, '2017-07-26 09:42:44.676896-04');
INSERT INTO data_elements (id, json_key, description, industry_aliases, core_table, core_column, data_type_id, element_grouping_id, grouping_mandatory, grouping_inheritence, wildcard, hl7_default_location, hl7_repeating, hl7_mandatory, updated_at) VALUES (80, 'ca_performing_person_name', 'the name of the employee for the associated identifier key (only applied if a new employee is created)', NULL, 'employees', 'name', 1, 7, false, false, false, NULL, false, false, '2017-07-26 09:42:44.676896-04');
INSERT INTO data_elements (id, json_key, description, industry_aliases, core_table, core_column, data_type_id, element_grouping_id, grouping_mandatory, grouping_inheritence, wildcard, hl7_default_location, hl7_repeating, hl7_mandatory, updated_at) VALUES (154, 'ca_assisting_tech_3_metasite', 'the metasite of the external system for the associated identifier key', NULL, 'metasites', 'metasite', 1, 26, false, true, false, NULL, false, false, '2017-07-26 09:42:44.676896-04');
INSERT INTO data_elements (id, json_key, description, industry_aliases, core_table, core_column, data_type_id, element_grouping_id, grouping_mandatory, grouping_inheritence, wildcard, hl7_default_location, hl7_repeating, hl7_mandatory, updated_at) VALUES (157, 'ca_operator_id_type', 'the type of identifier within the external system for the associated identifier key', NULL, 'identifier_types', 'identifier_type', 1, 27, true, false, false, NULL, false, false, '2017-07-26 09:42:44.676896-04');
INSERT INTO data_elements (id, json_key, description, industry_aliases, core_table, core_column, data_type_id, element_grouping_id, grouping_mandatory, grouping_inheritence, wildcard, hl7_default_location, hl7_repeating, hl7_mandatory, updated_at) VALUES (119, 'ca_transcriptionist_metasite', 'the metasite of the external system for the associated identifier key', NULL, 'metasites', 'metasite', 1, 15, false, true, false, NULL, false, false, '2017-07-26 09:42:44.676896-04');
INSERT INTO data_elements (id, json_key, description, industry_aliases, core_table, core_column, data_type_id, element_grouping_id, grouping_mandatory, grouping_inheritence, wildcard, hl7_default_location, hl7_repeating, hl7_mandatory, updated_at) VALUES (442, 'ca_billing_system', 'the external system for the associated identifier key', NULL, 'external_systems', 'external_system', 1, 47, false, true, false, NULL, false, false, '2017-07-26 09:42:44.676896-04');
INSERT INTO data_elements (id, json_key, description, industry_aliases, core_table, core_column, data_type_id, element_grouping_id, grouping_mandatory, grouping_inheritence, wildcard, hl7_default_location, hl7_repeating, hl7_mandatory, updated_at) VALUES (64, 'ca_technologist_metasite', 'the metasite of the external system for the associated identifier key', NULL, 'metasites', 'metasite', 1, 4, false, true, false, NULL, false, false, '2017-07-26 09:42:44.676896-04');
INSERT INTO data_elements (id, json_key, description, industry_aliases, core_table, core_column, data_type_id, element_grouping_id, grouping_mandatory, grouping_inheritence, wildcard, hl7_default_location, hl7_repeating, hl7_mandatory, updated_at) VALUES (439, 'claim_clinical_department_identifier_external_system', 'External system for the associated clinical identifier.', NULL, 'external_systems', 'external_system', 1, 43, false, true, false, NULL, false, false, '2017-07-26 09:42:44.676896-04');
INSERT INTO data_elements (id, json_key, description, industry_aliases, core_table, core_column, data_type_id, element_grouping_id, grouping_mandatory, grouping_inheritence, wildcard, hl7_default_location, hl7_repeating, hl7_mandatory, updated_at) VALUES (53, 'ca_check_in_user_system', 'the external system for the associated identifier key', NULL, 'external_systems', 'external_system', 1, 2, false, true, false, NULL, false, false, '2017-07-26 09:42:44.676896-04');
INSERT INTO data_elements (id, json_key, description, industry_aliases, core_table, core_column, data_type_id, element_grouping_id, grouping_mandatory, grouping_inheritence, wildcard, hl7_default_location, hl7_repeating, hl7_mandatory, updated_at) VALUES (150, 'ca_assisting_tech_2_person_name', 'the name of the employee for the associated identifier key (only applied if a new employee is created)', NULL, 'employees', 'name', 1, 25, false, false, false, NULL, false, false, '2017-07-26 09:42:44.676896-04');
INSERT INTO data_elements (id, json_key, description, industry_aliases, core_table, core_column, data_type_id, element_grouping_id, grouping_mandatory, grouping_inheritence, wildcard, hl7_default_location, hl7_repeating, hl7_mandatory, updated_at) VALUES (115, 'ca_radiologist4_person_name', 'the name of the employee for the associated identifier key (only applied if a new employee is created)', NULL, 'employees', 'name', 1, 14, false, false, false, NULL, false, false, '2017-07-26 09:42:44.676896-04');
INSERT INTO data_elements (id, json_key, description, industry_aliases, core_table, core_column, data_type_id, element_grouping_id, grouping_mandatory, grouping_inheritence, wildcard, hl7_default_location, hl7_repeating, hl7_mandatory, updated_at) VALUES (149, 'ca_assisting_tech_2_metasite', 'the metasite of the external system for the associated identifier key', NULL, 'metasites', 'metasite', 1, 25, false, true, false, NULL, false, false, '2017-07-26 09:42:44.676896-04');
INSERT INTO data_elements (id, json_key, description, industry_aliases, core_table, core_column, data_type_id, element_grouping_id, grouping_mandatory, grouping_inheritence, wildcard, hl7_default_location, hl7_repeating, hl7_mandatory, updated_at) VALUES (443, 'ca_billing_person_name', 'the name of the employee for the associated identifier key (only applied if a new employee is created)', NULL, 'employees', 'name', 1, 47, false, false, false, NULL, false, false, '2017-07-26 09:42:44.676896-04');
INSERT INTO data_elements (id, json_key, description, industry_aliases, core_table, core_column, data_type_id, element_grouping_id, grouping_mandatory, grouping_inheritence, wildcard, hl7_default_location, hl7_repeating, hl7_mandatory, updated_at) VALUES (445, 'ca_billing_metasite', 'the metasite of the external system for the associated identifier key', NULL, 'metasites', 'metasite', 1, 47, false, true, false, NULL, false, false, '2017-07-26 09:42:44.676896-04');
INSERT INTO data_elements (id, json_key, description, industry_aliases, core_table, core_column, data_type_id, element_grouping_id, grouping_mandatory, grouping_inheritence, wildcard, hl7_default_location, hl7_repeating, hl7_mandatory, updated_at) VALUES (437, 'cms_modifier_*', 'The CMS modifiers that apply to the HCPCS code for the claim.  The wildcard is an integer >=1 incrementing for each additional modifier in the message.', 'CMS Modifier', 'claim_cms_modifiers', 'cms_modifier_id', 1, NULL, false, false, true, NULL, false, false, '2017-07-26 09:42:44.676896-04');
INSERT INTO data_elements (id, json_key, description, industry_aliases, core_table, core_column, data_type_id, element_grouping_id, grouping_mandatory, grouping_inheritence, wildcard, hl7_default_location, hl7_repeating, hl7_mandatory, updated_at) VALUES (444, 'ca_billing_id', 'the unique identifier of the provider who is billing the service (not necessarily the performing provider).', 'Billing Provider', 'claim_transactions', 'billing_employee_id', 1, 47, true, false, false, NULL, false, false, '2017-07-26 09:42:44.676896-04');
INSERT INTO data_elements (id, json_key, description, industry_aliases, core_table, core_column, data_type_id, element_grouping_id, grouping_mandatory, grouping_inheritence, wildcard, hl7_default_location, hl7_repeating, hl7_mandatory, updated_at) VALUES (447, 'insurance_*_policy_number', 'The policy number of the insurance policy. The wildcard is an integer &gt;=1 which associates the grouped insurance information together, allowing for coverage from multiple entities to be documented in a single message.', 'Insurance Policy Number', 'insurance_policies', 'policy_number', 1, 46, true, false, true, NULL, false, false, '2017-07-26 09:42:44.676896-04');
INSERT INTO data_elements (id, json_key, description, industry_aliases, core_table, core_column, data_type_id, element_grouping_id, grouping_mandatory, grouping_inheritence, wildcard, hl7_default_location, hl7_repeating, hl7_mandatory, updated_at) VALUES (375, 'hcpcs_code_*_modifier', 'The CMS modifier that applies to the matching HCPCS code with the wildcard being the match criteria.', 'CMS Modifier', 'cms_modifiers', 'modifier', 1, NULL, false, false, true, NULL, false, false, '2017-07-26 09:42:44.676896-04');
INSERT INTO data_elements (id, json_key, description, industry_aliases, core_table, core_column, data_type_id, element_grouping_id, grouping_mandatory, grouping_inheritence, wildcard, hl7_default_location, hl7_repeating, hl7_mandatory, updated_at) VALUES (142, 'ca_assisting_tech_1_id_type', 'the type of identifier within the external system for the associated identifier key', NULL, 'identifier_types', 'identifier_type', 1, 24, true, false, false, NULL, false, false, '2017-07-26 09:42:44.676896-04');
INSERT INTO data_elements (id, json_key, description, industry_aliases, core_table, core_column, data_type_id, element_grouping_id, grouping_mandatory, grouping_inheritence, wildcard, hl7_default_location, hl7_repeating, hl7_mandatory, updated_at) VALUES (435, 'icd_code_version', 'The version of ICD codes being used for the icd_* keys.  Cannot mix/match versions per message (all codes in a single message are the same type). Currently only "ICD-9-CM" and "ICD-10-CM" are acceptable options.', 'ICD Code Version, ICD Code Type', 'icd_code_revisions', 'icd_code_version', 1, 45, true, false, false, NULL, false, false, '2017-07-26 09:42:44.676896-04');
INSERT INTO data_elements (id, json_key, description, industry_aliases, core_table, core_column, data_type_id, element_grouping_id, grouping_mandatory, grouping_inheritence, wildcard, hl7_default_location, hl7_repeating, hl7_mandatory, updated_at) VALUES (436, 'site_class_cms_pos_code', 'The CMS Place of Service Code for for the Site Class.  Must be an interger between 1 and 99, per CMS specifications.', 'CMS POS Code, Place of Service Code', 'cms_facility_types', 'pos_code', 6, 21, false, false, false, NULL, false, false, '2017-07-26 09:42:44.676896-04');
INSERT INTO data_elements (id, json_key, description, industry_aliases, core_table, core_column, data_type_id, element_grouping_id, grouping_mandatory, grouping_inheritence, wildcard, hl7_default_location, hl7_repeating, hl7_mandatory, updated_at) VALUES (1, 'patient_name', 'patient name', 'Patient Name', 'patients', 'name', 1, 35, false, false, false, 'PID.5', false, true, '2017-07-26 09:42:44.676896-04');
INSERT INTO data_elements (id, json_key, description, industry_aliases, core_table, core_column, data_type_id, element_grouping_id, grouping_mandatory, grouping_inheritence, wildcard, hl7_default_location, hl7_repeating, hl7_mandatory, updated_at) VALUES (26, 'begin_reg_time', 'when a patient begins registration/sign-in', 'Begin Registration', 'rad_exam_times', 'begin_reg', 3, NULL, false, false, false, NULL, false, false, '2017-07-26 09:42:44.676896-04');
INSERT INTO data_elements (id, json_key, description, industry_aliases, core_table, core_column, data_type_id, element_grouping_id, grouping_mandatory, grouping_inheritence, wildcard, hl7_default_location, hl7_repeating, hl7_mandatory, updated_at) VALUES (374, 'claim_clinical_department', 'The department which performed the service being billed.', 'Performing Department', 'departments', 'department', 1, 43, true, false, false, NULL, false, false, '2017-07-26 09:42:44.676896-04');
INSERT INTO data_elements (id, json_key, description, industry_aliases, core_table, core_column, data_type_id, element_grouping_id, grouping_mandatory, grouping_inheritence, wildcard, hl7_default_location, hl7_repeating, hl7_mandatory, updated_at) VALUES (14, 'exam_priority', 'priority of exam', 'Priority, Urgency', 'exam_priorities', 'priority', 1, NULL, false, false, false, 'OBR.27.6', false, false, '2017-07-26 09:42:44.676896-04');
INSERT INTO data_elements (id, json_key, description, industry_aliases, core_table, core_column, data_type_id, element_grouping_id, grouping_mandatory, grouping_inheritence, wildcard, hl7_default_location, hl7_repeating, hl7_mandatory, updated_at) VALUES (460, 'cancelled_event', 'the time when an exam is cancelled', 'Cancelled', 'rad_exam_times', 'cancelled', 3, NULL, false, false, false, NULL, false, false, '2017-07-26 09:42:44.676896-04');
INSERT INTO data_elements (id, json_key, description, industry_aliases, core_table, core_column, data_type_id, element_grouping_id, grouping_mandatory, grouping_inheritence, wildcard, hl7_default_location, hl7_repeating, hl7_mandatory, updated_at) VALUES (440, 'claim_clinical_department_identifier_metasite', 'The metasite for the associated clinical identifier.', NULL, 'metasites', 'metasite', 1, 43, false, true, false, NULL, false, false, '2017-07-26 09:42:44.676896-04');
INSERT INTO data_elements (id, json_key, description, industry_aliases, core_table, core_column, data_type_id, element_grouping_id, grouping_mandatory, grouping_inheritence, wildcard, hl7_default_location, hl7_repeating, hl7_mandatory, updated_at) VALUES (376, 'hcpcs_code', 'The HCPCS code that applies to the procedure', 'HCPCS Code, CPT Code', 'cms_hcpcs_codes', 'hcpcs', 1, NULL, false, false, false, 'OBR.44', false, false, '2017-07-26 09:42:44.676896-04');
INSERT INTO data_elements (id, json_key, description, industry_aliases, core_table, core_column, data_type_id, element_grouping_id, grouping_mandatory, grouping_inheritence, wildcard, hl7_default_location, hl7_repeating, hl7_mandatory, updated_at) VALUES (43, 'accession_number', 'exam unique identifier, child of Order', 'Accession Number, Study ID', 'rad_exams', 'accession_number', 1, NULL, false, false, false, 'ORC.3.1', false, true, '2017-07-26 09:42:44.676896-04');
INSERT INTO data_elements (id, json_key, description, industry_aliases, core_table, core_column, data_type_id, element_grouping_id, grouping_mandatory, grouping_inheritence, wildcard, hl7_default_location, hl7_repeating, hl7_mandatory, updated_at) VALUES (387, 'insurance_policy_number', 'The policy number of the insurance policy', 'Insurance Policy Number', 'insurance_policies', 'policy_number', 1, 37, true, false, false, NULL, false, false, '2017-07-26 09:42:44.676896-04');
INSERT INTO data_elements (id, json_key, description, industry_aliases, core_table, core_column, data_type_id, element_grouping_id, grouping_mandatory, grouping_inheritence, wildcard, hl7_default_location, hl7_repeating, hl7_mandatory, updated_at) VALUES (6, 'site_class_name', 'human name for a Site Class', NULL, 'site_classes', 'name', 1, 21, false, false, false, NULL, false, false, '2017-07-26 09:42:44.676896-04');
INSERT INTO data_elements (id, json_key, description, industry_aliases, core_table, core_column, data_type_id, element_grouping_id, grouping_mandatory, grouping_inheritence, wildcard, hl7_default_location, hl7_repeating, hl7_mandatory, updated_at) VALUES (73, 'ca_end_exam_user_system', 'the external system for the associated identifier key', NULL, 'external_systems', 'external_system', 1, 6, false, true, false, NULL, false, false, '2017-07-26 09:42:44.676896-04');
INSERT INTO data_elements (id, json_key, description, industry_aliases, core_table, core_column, data_type_id, element_grouping_id, grouping_mandatory, grouping_inheritence, wildcard, hl7_default_location, hl7_repeating, hl7_mandatory, updated_at) VALUES (116, 'ca_transcriptionist_id', 'the unique identifier of the transcriptionist who transcribed the report revision', 'Transcriptionist, Correctionist, Editor', 'rad_reports', 'transcriptionist_id', 1, 15, true, false, false, 'OBR.35.1', false, false, '2017-07-26 09:42:44.676896-04');
INSERT INTO data_elements (id, json_key, description, industry_aliases, core_table, core_column, data_type_id, element_grouping_id, grouping_mandatory, grouping_inheritence, wildcard, hl7_default_location, hl7_repeating, hl7_mandatory, updated_at) VALUES (377, 'icd_code_*', 'One or more ICD codes associated with the event (a visit or charge).  The wildcard is an integer starting with 1 and incrementing sequentially per association event.', 'ICD Code, Diagnosis Code', 'icd_codes', 'code', 1, 45, false, false, true, 'DG1.3.1', false, false, '2017-07-26 09:42:44.676896-04');
INSERT INTO data_elements (id, json_key, description, industry_aliases, core_table, core_column, data_type_id, element_grouping_id, grouping_mandatory, grouping_inheritence, wildcard, hl7_default_location, hl7_repeating, hl7_mandatory, updated_at) VALUES (438, 'insurance_policy_employer_name', 'The name of the employer providing the coverage for the policy holder.', 'Insurance Policy Employer Name', 'insurance_policies', 'employer_name', 1, 37, false, false, false, NULL, false, false, '2017-07-26 09:42:44.676896-04');
INSERT INTO data_elements (id, json_key, description, industry_aliases, core_table, core_column, data_type_id, element_grouping_id, grouping_mandatory, grouping_inheritence, wildcard, hl7_default_location, hl7_repeating, hl7_mandatory, updated_at) VALUES (446, 'insurance_*_carrier_plan_number', 'The plan number of the insurance. The wildcard is an integer &gt;=1 which associates the grouped insurance information together, allowing for coverage from multiple entities to be documented in a single message.', 'Insurance Plan Number', 'insurace_carrier_plans', 'plan_number', 1, 46, false, false, true, NULL, false, false, '2017-07-26 09:42:44.676896-04');
INSERT INTO data_elements (id, json_key, description, industry_aliases, core_table, core_column, data_type_id, element_grouping_id, grouping_mandatory, grouping_inheritence, wildcard, hl7_default_location, hl7_repeating, hl7_mandatory, updated_at) VALUES (452, 'insurance_*_auth_number', 'The authorization number from the carrier for a procedure. The wildcard is an integer &gt;=1 which associates the grouped insurance information together, allowing for coverage from multiple entities to be documented in a single message.', 'Insurance Authorization Number', 'rad_exam_authorizations, radonc_case_authorizations', 'auth_number', 1, 46, false, false, true, NULL, false, false, '2017-07-26 09:42:44.676896-04');
INSERT INTO data_elements (id, json_key, description, industry_aliases, core_table, core_column, data_type_id, element_grouping_id, grouping_mandatory, grouping_inheritence, wildcard, hl7_default_location, hl7_repeating, hl7_mandatory, updated_at) VALUES (454, 'insurance_*_policy_relationship_type', 'The relationship between the insured and the insurance policy holder. The wildcard is an integer &gt;=1 which associates the grouped insurance information together, allowing for coverage from multiple entities to be documented in a single message.', 'Insurance Policy Relationship Type', 'insurance_policy_relationship_types', 'relationship', 1, 46, true, false, true, NULL, false, false, '2017-07-26 09:42:44.676896-04');
INSERT INTO data_elements (id, json_key, description, industry_aliases, core_table, core_column, data_type_id, element_grouping_id, grouping_mandatory, grouping_inheritence, wildcard, hl7_default_location, hl7_repeating, hl7_mandatory, updated_at) VALUES (462, 'dicom_end', 'the time the last image was acquired', 'DICOM last image, last image acquisition time, (0008,002A), MPPS Complete', 'rad_pacs_metadata', 'dicom_end', 3, 16, NULL, NULL, false, NULL, false, false, '2017-07-26 09:42:44.676896-04');
INSERT INTO data_elements (id, json_key, description, industry_aliases, core_table, core_column, data_type_id, element_grouping_id, grouping_mandatory, grouping_inheritence, wildcard, hl7_default_location, hl7_repeating, hl7_mandatory, updated_at) VALUES (461, 'dicom_begin', 'the time the first image was acquired', 'DICOM first image, first image acquisition time, (0008,002A), MPPS Start', 'rad_pacs_metadata', 'dicom_begin', 3, 16, NULL, NULL, false, NULL, false, false, '2017-07-26 09:42:44.676896-04');
INSERT INTO data_elements (id, json_key, description, industry_aliases, core_table, core_column, data_type_id, element_grouping_id, grouping_mandatory, grouping_inheritence, wildcard, hl7_default_location, hl7_repeating, hl7_mandatory, updated_at) VALUES (458, 'pacs_first_image', 'the time the first image is available in PACS, when the study is able to be read', 'PACS first image time, study able to be read', 'rad_pacs_metadata', 'first_image', 3, 16, false, false, false, NULL, false, false, '2017-07-26 09:42:44.676896-04');
INSERT INTO data_elements (id, json_key, description, industry_aliases, core_table, core_column, data_type_id, element_grouping_id, grouping_mandatory, grouping_inheritence, wildcard, hl7_default_location, hl7_repeating, hl7_mandatory, updated_at) VALUES (463, 'appointment_duration', 'scheduled duration of an appointment (in seconds)', 'scheduled duration, appointment length, visit length', 'orders', 'appointment_duration', 6, NULL, NULL, NULL, false, NULL, false, false, '2017-07-26 09:42:44.676896-04');
INSERT INTO data_elements (id, json_key, description, industry_aliases, core_table, core_column, data_type_id, element_grouping_id, grouping_mandatory, grouping_inheritence, wildcard, hl7_default_location, hl7_repeating, hl7_mandatory, updated_at) VALUES (467, 'site_name', 'human name for a Site', NULL, 'sites', 'name', 1, 49, false, false, false, NULL, false, false, '2017-07-26 09:42:44.676896-04');
INSERT INTO data_elements (id, json_key, description, industry_aliases, core_table, core_column, data_type_id, element_grouping_id, grouping_mandatory, grouping_inheritence, wildcard, hl7_default_location, hl7_repeating, hl7_mandatory, updated_at) VALUES (468, 'order_status', 'current status of an order', 'Order Status', 'orders', 'current_status_id', 1, NULL, NULL, NULL, false, 'MSH.9.2', false, true, '2017-07-26 09:42:44.676896-04');
INSERT INTO data_elements (id, json_key, description, industry_aliases, core_table, core_column, data_type_id, element_grouping_id, grouping_mandatory, grouping_inheritence, wildcard, hl7_default_location, hl7_repeating, hl7_mandatory, updated_at) VALUES (44, 'exam_status', 'current status of an exam or report', 'Exam Status, Report Status', 'rad_exams', 'current_status_id', 1, NULL, false, false, false, 'OBR.25', false, true, '2017-07-26 09:42:44.676896-04');
INSERT INTO data_elements (id, json_key, description, industry_aliases, core_table, core_column, data_type_id, element_grouping_id, grouping_mandatory, grouping_inheritence, wildcard, hl7_default_location, hl7_repeating, hl7_mandatory, updated_at) VALUES (158, 'ca_operator_system', 'the external system for the associated identifier key', NULL, 'external_systems', 'external_system', 1, 27, false, true, false, NULL, false, false, '2017-07-26 09:42:44.676896-04');
INSERT INTO data_elements (id, json_key, description, industry_aliases, core_table, core_column, data_type_id, element_grouping_id, grouping_mandatory, grouping_inheritence, wildcard, hl7_default_location, hl7_repeating, hl7_mandatory, updated_at) VALUES (63, 'ca_technologist_system', 'the external system for the associated identifier key', NULL, 'external_systems', 'external_system', 1, 4, false, true, false, NULL, false, false, '2017-07-26 09:42:44.676896-04');
INSERT INTO data_elements (id, json_key, description, industry_aliases, core_table, core_column, data_type_id, element_grouping_id, grouping_mandatory, grouping_inheritence, wildcard, hl7_default_location, hl7_repeating, hl7_mandatory, updated_at) VALUES (97, 'ca_radiologist1_id_type', 'the type of identifier within the external system for the associated identifier key', NULL, 'identifier_types', 'identifier_type', 1, 11, true, false, false, NULL, false, false, '2017-07-26 09:42:44.676896-04');


--
-- Data for Name: department_models; Type: TABLE DATA; Schema: documentation; Owner: harbinger
--

INSERT INTO department_models (id, department, comments, updated_at) VALUES (1, 'patient', NULL, '2017-07-26 09:42:44.676896-04');
INSERT INTO department_models (id, department, comments, updated_at) VALUES (2, 'radiology', NULL, '2017-07-26 09:42:44.676896-04');
INSERT INTO department_models (id, department, comments, updated_at) VALUES (3, 'billing', NULL, '2017-07-26 09:42:44.676896-04');
INSERT INTO department_models (id, department, comments, updated_at) VALUES (4, 'radonc', NULL, '2017-07-26 09:42:44.676896-04');
INSERT INTO department_models (id, department, comments, updated_at) VALUES (5, 'order', NULL, '2017-07-26 09:42:44.676896-04');


--
-- Data for Name: message_types; Type: TABLE DATA; Schema: documentation; Owner: harbinger
--

INSERT INTO message_types (id, message_type, department_model_id, comments, hl7_type, hl7_trigger_events, updated_at) VALUES (22, 'transaction', 3, 'create billing transaction', NULL, NULL, '2017-07-26 09:42:44.676896-04');
INSERT INTO message_types (id, message_type, department_model_id, comments, hl7_type, hl7_trigger_events, updated_at) VALUES (1, 'ORM', 2, 'create/update radiology exam', 'ORM', 'O01', '2017-07-26 09:42:44.676896-04');
INSERT INTO message_types (id, message_type, department_model_id, comments, hl7_type, hl7_trigger_events, updated_at) VALUES (2, 'ORU', 2, 'create/update exam and add radiology report', 'ORU', 'R01', '2017-07-26 09:42:44.676896-04');
INSERT INTO message_types (id, message_type, department_model_id, comments, hl7_type, hl7_trigger_events, updated_at) VALUES (19, 'ADT.patient-merge', 1, 'patient MRN merge', 'ADT', 'A18, A40', '2017-07-26 09:42:44.676896-04');
INSERT INTO message_types (id, message_type, department_model_id, comments, hl7_type, hl7_trigger_events, updated_at) VALUES (16, 'ADT.demographic-update', 1, 'patient demographic update', 'ADT', 'A08, A28, A31', '2017-07-26 09:42:44.676896-04');
INSERT INTO message_types (id, message_type, department_model_id, comments, hl7_type, hl7_trigger_events, updated_at) VALUES (6, 'ADT.event', 1, 'patient event', 'ADT', 'A01, A02, A03, A04, A05, A06, A07, A09, A10, A11, A12, A13, A14, A15, A16, A17, A20, A25, A26, A27, A38', '2017-07-26 09:42:44.676896-04');
INSERT INTO message_types (id, message_type, department_model_id, comments, hl7_type, hl7_trigger_events, updated_at) VALUES (3, 'update.exam', 2, 'update existing radiology exam (with minimal requirements)', NULL, NULL, '2017-07-26 09:42:44.676896-04');
INSERT INTO message_types (id, message_type, department_model_id, comments, hl7_type, hl7_trigger_events, updated_at) VALUES (4, 'update.report', 2, 'add report to existing radiology exam (with minimal requirements)', NULL, NULL, '2017-07-26 09:42:44.676896-04');
INSERT INTO message_types (id, message_type, department_model_id, comments, hl7_type, hl7_trigger_events, updated_at) VALUES (5, 'update.complete', 2, 'update existing radiology exam with extra information and/or add a report (with minimal requirements)', NULL, NULL, '2017-07-26 09:42:44.676896-04');
INSERT INTO message_types (id, message_type, department_model_id, comments, hl7_type, hl7_trigger_events, updated_at) VALUES (23, 'ORM', 4, 'create/update radiation oncology case', NULL, NULL, '2017-07-26 09:42:44.676896-04');
INSERT INTO message_types (id, message_type, department_model_id, comments, hl7_type, hl7_trigger_events, updated_at) VALUES (24, 'ADT.visit-move', 1, 'patient visit move', NULL, NULL, '2017-07-26 09:42:44.676896-04');
INSERT INTO message_types (id, message_type, department_model_id, comments, hl7_type, hl7_trigger_events, updated_at) VALUES (25, 'SIU', 5, 'create/update radiology order (similar to ORM without an accession number)', 'SIU', 'S12, S13, S14, S15', '2017-07-26 09:42:44.676896-04');


--
-- Data for Name: message_element_mappings; Type: TABLE DATA; Schema: documentation; Owner: harbinger
--

INSERT INTO message_element_mappings (id, message_type_id, data_element_id, mandatory, comments, updated_at) VALUES (4312, 23, 173, false, NULL, '2017-07-26 09:42:44.676896-04');
INSERT INTO message_element_mappings (id, message_type_id, data_element_id, mandatory, comments, updated_at) VALUES (4313, 23, 174, false, NULL, '2017-07-26 09:42:44.676896-04');
INSERT INTO message_element_mappings (id, message_type_id, data_element_id, mandatory, comments, updated_at) VALUES (4314, 23, 176, false, NULL, '2017-07-26 09:42:44.676896-04');
INSERT INTO message_element_mappings (id, message_type_id, data_element_id, mandatory, comments, updated_at) VALUES (4315, 23, 179, false, NULL, '2017-07-26 09:42:44.676896-04');
INSERT INTO message_element_mappings (id, message_type_id, data_element_id, mandatory, comments, updated_at) VALUES (4316, 23, 180, false, NULL, '2017-07-26 09:42:44.676896-04');
INSERT INTO message_element_mappings (id, message_type_id, data_element_id, mandatory, comments, updated_at) VALUES (4317, 23, 181, false, NULL, '2017-07-26 09:42:44.676896-04');
INSERT INTO message_element_mappings (id, message_type_id, data_element_id, mandatory, comments, updated_at) VALUES (4318, 23, 183, false, NULL, '2017-07-26 09:42:44.676896-04');
INSERT INTO message_element_mappings (id, message_type_id, data_element_id, mandatory, comments, updated_at) VALUES (4319, 23, 184, false, NULL, '2017-07-26 09:42:44.676896-04');
INSERT INTO message_element_mappings (id, message_type_id, data_element_id, mandatory, comments, updated_at) VALUES (4320, 23, 185, false, NULL, '2017-07-26 09:42:44.676896-04');
INSERT INTO message_element_mappings (id, message_type_id, data_element_id, mandatory, comments, updated_at) VALUES (4321, 23, 39, true, NULL, '2017-07-26 09:42:44.676896-04');
INSERT INTO message_element_mappings (id, message_type_id, data_element_id, mandatory, comments, updated_at) VALUES (4322, 23, 40, true, NULL, '2017-07-26 09:42:44.676896-04');
INSERT INTO message_element_mappings (id, message_type_id, data_element_id, mandatory, comments, updated_at) VALUES (4323, 23, 44, true, NULL, '2017-07-26 09:42:44.676896-04');
INSERT INTO message_element_mappings (id, message_type_id, data_element_id, mandatory, comments, updated_at) VALUES (4324, 23, 45, true, NULL, '2017-07-26 09:42:44.676896-04');
INSERT INTO message_element_mappings (id, message_type_id, data_element_id, mandatory, comments, updated_at) VALUES (4326, 23, 2, false, NULL, '2017-07-26 09:42:44.676896-04');
INSERT INTO message_element_mappings (id, message_type_id, data_element_id, mandatory, comments, updated_at) VALUES (4336, 23, 32, false, NULL, '2017-07-26 09:42:44.676896-04');
INSERT INTO message_element_mappings (id, message_type_id, data_element_id, mandatory, comments, updated_at) VALUES (4337, 23, 33, false, NULL, '2017-07-26 09:42:44.676896-04');
INSERT INTO message_element_mappings (id, message_type_id, data_element_id, mandatory, comments, updated_at) VALUES (4349, 23, 3, false, NULL, '2017-07-26 09:42:44.676896-04');
INSERT INTO message_element_mappings (id, message_type_id, data_element_id, mandatory, comments, updated_at) VALUES (4350, 23, 4, false, NULL, '2017-07-26 09:42:44.676896-04');
INSERT INTO message_element_mappings (id, message_type_id, data_element_id, mandatory, comments, updated_at) VALUES (4351, 23, 5, false, NULL, '2017-07-26 09:42:44.676896-04');
INSERT INTO message_element_mappings (id, message_type_id, data_element_id, mandatory, comments, updated_at) VALUES (4352, 23, 6, false, NULL, '2017-07-26 09:42:44.676896-04');
INSERT INTO message_element_mappings (id, message_type_id, data_element_id, mandatory, comments, updated_at) VALUES (4353, 23, 7, false, NULL, '2017-07-26 09:42:44.676896-04');
INSERT INTO message_element_mappings (id, message_type_id, data_element_id, mandatory, comments, updated_at) VALUES (4354, 23, 8, false, NULL, '2017-07-26 09:42:44.676896-04');
INSERT INTO message_element_mappings (id, message_type_id, data_element_id, mandatory, comments, updated_at) VALUES (4476, 22, 439, false, NULL, '2017-07-26 09:42:44.676896-04');
INSERT INTO message_element_mappings (id, message_type_id, data_element_id, mandatory, comments, updated_at) VALUES (4453, 2, 436, false, NULL, '2017-07-26 09:42:44.676896-04');
INSERT INTO message_element_mappings (id, message_type_id, data_element_id, mandatory, comments, updated_at) VALUES (4477, 22, 440, false, NULL, '2017-07-26 09:42:44.676896-04');
INSERT INTO message_element_mappings (id, message_type_id, data_element_id, mandatory, comments, updated_at) VALUES (4178, 22, 371, true, NULL, '2017-07-26 09:42:44.676896-04');
INSERT INTO message_element_mappings (id, message_type_id, data_element_id, mandatory, comments, updated_at) VALUES (4195, 22, 86, false, NULL, '2017-07-26 09:42:44.676896-04');
INSERT INTO message_element_mappings (id, message_type_id, data_element_id, mandatory, comments, updated_at) VALUES (4196, 22, 87, false, NULL, '2017-07-26 09:42:44.676896-04');
INSERT INTO message_element_mappings (id, message_type_id, data_element_id, mandatory, comments, updated_at) VALUES (4200, 22, 76, false, NULL, '2017-07-26 09:42:44.676896-04');
INSERT INTO message_element_mappings (id, message_type_id, data_element_id, mandatory, comments, updated_at) VALUES (4201, 22, 77, false, NULL, '2017-07-26 09:42:44.676896-04');
INSERT INTO message_element_mappings (id, message_type_id, data_element_id, mandatory, comments, updated_at) VALUES (4527, 6, 451, false, NULL, '2017-07-26 09:42:44.676896-04');
INSERT INTO message_element_mappings (id, message_type_id, data_element_id, mandatory, comments, updated_at) VALUES (4529, 6, 453, false, NULL, '2017-07-26 09:42:44.676896-04');
INSERT INTO message_element_mappings (id, message_type_id, data_element_id, mandatory, comments, updated_at) VALUES (4530, 6, 454, false, NULL, '2017-07-26 09:42:44.676896-04');
INSERT INTO message_element_mappings (id, message_type_id, data_element_id, mandatory, comments, updated_at) VALUES (4531, 6, 455, false, NULL, '2017-07-26 09:42:44.676896-04');
INSERT INTO message_element_mappings (id, message_type_id, data_element_id, mandatory, comments, updated_at) VALUES (4672, 24, 184, false, NULL, '2017-07-26 09:42:44.676896-04');
INSERT INTO message_element_mappings (id, message_type_id, data_element_id, mandatory, comments, updated_at) VALUES (4673, 24, 185, false, NULL, '2017-07-26 09:42:44.676896-04');
INSERT INTO message_element_mappings (id, message_type_id, data_element_id, mandatory, comments, updated_at) VALUES (4676, 24, 45, true, NULL, '2017-07-26 09:42:44.676896-04');
INSERT INTO message_element_mappings (id, message_type_id, data_element_id, mandatory, comments, updated_at) VALUES (4677, 24, 1, false, NULL, '2017-07-26 09:42:44.676896-04');
INSERT INTO message_element_mappings (id, message_type_id, data_element_id, mandatory, comments, updated_at) VALUES (3421, 19, 184, false, NULL, '2017-07-26 09:42:44.676896-04');
INSERT INTO message_element_mappings (id, message_type_id, data_element_id, mandatory, comments, updated_at) VALUES (3422, 19, 185, false, NULL, '2017-07-26 09:42:44.676896-04');
INSERT INTO message_element_mappings (id, message_type_id, data_element_id, mandatory, comments, updated_at) VALUES (4678, 24, 2, false, NULL, '2017-07-26 09:42:44.676896-04');
INSERT INTO message_element_mappings (id, message_type_id, data_element_id, mandatory, comments, updated_at) VALUES (3424, 19, 187, false, NULL, '2017-07-26 09:42:44.676896-04');
INSERT INTO message_element_mappings (id, message_type_id, data_element_id, mandatory, comments, updated_at) VALUES (3425, 19, 188, false, NULL, '2017-07-26 09:42:44.676896-04');
INSERT INTO message_element_mappings (id, message_type_id, data_element_id, mandatory, comments, updated_at) VALUES (3427, 19, 45, true, NULL, '2017-07-26 09:42:44.676896-04');
INSERT INTO message_element_mappings (id, message_type_id, data_element_id, mandatory, comments, updated_at) VALUES (4679, 24, 3, false, NULL, '2017-07-26 09:42:44.676896-04');
INSERT INTO message_element_mappings (id, message_type_id, data_element_id, mandatory, comments, updated_at) VALUES (4684, 24, 41, true, NULL, '2017-07-26 09:42:44.676896-04');
INSERT INTO message_element_mappings (id, message_type_id, data_element_id, mandatory, comments, updated_at) VALUES (4685, 24, 42, true, NULL, '2017-07-26 09:42:44.676896-04');
INSERT INTO message_element_mappings (id, message_type_id, data_element_id, mandatory, comments, updated_at) VALUES (4686, 24, 39, true, NULL, '2017-07-26 09:42:44.676896-04');
INSERT INTO message_element_mappings (id, message_type_id, data_element_id, mandatory, comments, updated_at) VALUES (176, 1, 176, false, NULL, '2017-07-26 09:42:44.676896-04');
INSERT INTO message_element_mappings (id, message_type_id, data_element_id, mandatory, comments, updated_at) VALUES (179, 1, 179, false, NULL, '2017-07-26 09:42:44.676896-04');
INSERT INTO message_element_mappings (id, message_type_id, data_element_id, mandatory, comments, updated_at) VALUES (180, 1, 180, false, NULL, '2017-07-26 09:42:44.676896-04');
INSERT INTO message_element_mappings (id, message_type_id, data_element_id, mandatory, comments, updated_at) VALUES (181, 1, 181, false, NULL, '2017-07-26 09:42:44.676896-04');
INSERT INTO message_element_mappings (id, message_type_id, data_element_id, mandatory, comments, updated_at) VALUES (183, 1, 183, false, NULL, '2017-07-26 09:42:44.676896-04');
INSERT INTO message_element_mappings (id, message_type_id, data_element_id, mandatory, comments, updated_at) VALUES (184, 1, 184, false, NULL, '2017-07-26 09:42:44.676896-04');
INSERT INTO message_element_mappings (id, message_type_id, data_element_id, mandatory, comments, updated_at) VALUES (185, 1, 185, false, NULL, '2017-07-26 09:42:44.676896-04');
INSERT INTO message_element_mappings (id, message_type_id, data_element_id, mandatory, comments, updated_at) VALUES (189, 2, 1, false, NULL, '2017-07-26 09:42:44.676896-04');
INSERT INTO message_element_mappings (id, message_type_id, data_element_id, mandatory, comments, updated_at) VALUES (190, 2, 2, false, NULL, '2017-07-26 09:42:44.676896-04');
INSERT INTO message_element_mappings (id, message_type_id, data_element_id, mandatory, comments, updated_at) VALUES (191, 2, 3, false, NULL, '2017-07-26 09:42:44.676896-04');
INSERT INTO message_element_mappings (id, message_type_id, data_element_id, mandatory, comments, updated_at) VALUES (192, 2, 4, false, NULL, '2017-07-26 09:42:44.676896-04');
INSERT INTO message_element_mappings (id, message_type_id, data_element_id, mandatory, comments, updated_at) VALUES (193, 2, 5, false, NULL, '2017-07-26 09:42:44.676896-04');
INSERT INTO message_element_mappings (id, message_type_id, data_element_id, mandatory, comments, updated_at) VALUES (39, 1, 39, true, NULL, '2017-07-26 09:42:44.676896-04');
INSERT INTO message_element_mappings (id, message_type_id, data_element_id, mandatory, comments, updated_at) VALUES (40, 1, 40, true, NULL, '2017-07-26 09:42:44.676896-04');
INSERT INTO message_element_mappings (id, message_type_id, data_element_id, mandatory, comments, updated_at) VALUES (44, 1, 44, true, NULL, '2017-07-26 09:42:44.676896-04');
INSERT INTO message_element_mappings (id, message_type_id, data_element_id, mandatory, comments, updated_at) VALUES (45, 1, 45, true, NULL, '2017-07-26 09:42:44.676896-04');
INSERT INTO message_element_mappings (id, message_type_id, data_element_id, mandatory, comments, updated_at) VALUES (43, 1, 43, true, NULL, '2017-07-26 09:42:44.676896-04');
INSERT INTO message_element_mappings (id, message_type_id, data_element_id, mandatory, comments, updated_at) VALUES (194, 2, 6, false, NULL, '2017-07-26 09:42:44.676896-04');
INSERT INTO message_element_mappings (id, message_type_id, data_element_id, mandatory, comments, updated_at) VALUES (195, 2, 7, false, NULL, '2017-07-26 09:42:44.676896-04');
INSERT INTO message_element_mappings (id, message_type_id, data_element_id, mandatory, comments, updated_at) VALUES (196, 2, 8, false, NULL, '2017-07-26 09:42:44.676896-04');
INSERT INTO message_element_mappings (id, message_type_id, data_element_id, mandatory, comments, updated_at) VALUES (197, 2, 9, false, NULL, '2017-07-26 09:42:44.676896-04');
INSERT INTO message_element_mappings (id, message_type_id, data_element_id, mandatory, comments, updated_at) VALUES (198, 2, 10, false, NULL, '2017-07-26 09:42:44.676896-04');
INSERT INTO message_element_mappings (id, message_type_id, data_element_id, mandatory, comments, updated_at) VALUES (199, 2, 11, false, NULL, '2017-07-26 09:42:44.676896-04');
INSERT INTO message_element_mappings (id, message_type_id, data_element_id, mandatory, comments, updated_at) VALUES (200, 2, 12, false, NULL, '2017-07-26 09:42:44.676896-04');
INSERT INTO message_element_mappings (id, message_type_id, data_element_id, mandatory, comments, updated_at) VALUES (201, 2, 13, false, NULL, '2017-07-26 09:42:44.676896-04');
INSERT INTO message_element_mappings (id, message_type_id, data_element_id, mandatory, comments, updated_at) VALUES (202, 2, 14, false, NULL, '2017-07-26 09:42:44.676896-04');
INSERT INTO message_element_mappings (id, message_type_id, data_element_id, mandatory, comments, updated_at) VALUES (203, 2, 15, false, NULL, '2017-07-26 09:42:44.676896-04');
INSERT INTO message_element_mappings (id, message_type_id, data_element_id, mandatory, comments, updated_at) VALUES (204, 2, 16, false, NULL, '2017-07-26 09:42:44.676896-04');
INSERT INTO message_element_mappings (id, message_type_id, data_element_id, mandatory, comments, updated_at) VALUES (236, 2, 48, false, NULL, '2017-07-26 09:42:44.676896-04');
INSERT INTO message_element_mappings (id, message_type_id, data_element_id, mandatory, comments, updated_at) VALUES (237, 2, 49, false, NULL, '2017-07-26 09:42:44.676896-04');
INSERT INTO message_element_mappings (id, message_type_id, data_element_id, mandatory, comments, updated_at) VALUES (238, 2, 50, false, NULL, '2017-07-26 09:42:44.676896-04');
INSERT INTO message_element_mappings (id, message_type_id, data_element_id, mandatory, comments, updated_at) VALUES (239, 2, 51, false, NULL, '2017-07-26 09:42:44.676896-04');
INSERT INTO message_element_mappings (id, message_type_id, data_element_id, mandatory, comments, updated_at) VALUES (240, 2, 52, false, NULL, '2017-07-26 09:42:44.676896-04');
INSERT INTO message_element_mappings (id, message_type_id, data_element_id, mandatory, comments, updated_at) VALUES (241, 2, 53, false, NULL, '2017-07-26 09:42:44.676896-04');
INSERT INTO message_element_mappings (id, message_type_id, data_element_id, mandatory, comments, updated_at) VALUES (242, 2, 54, false, NULL, '2017-07-26 09:42:44.676896-04');
INSERT INTO message_element_mappings (id, message_type_id, data_element_id, mandatory, comments, updated_at) VALUES (243, 2, 55, false, NULL, '2017-07-26 09:42:44.676896-04');
INSERT INTO message_element_mappings (id, message_type_id, data_element_id, mandatory, comments, updated_at) VALUES (244, 2, 56, false, NULL, '2017-07-26 09:42:44.676896-04');
INSERT INTO message_element_mappings (id, message_type_id, data_element_id, mandatory, comments, updated_at) VALUES (3385, 19, 1, false, NULL, '2017-07-26 09:42:44.676896-04');
INSERT INTO message_element_mappings (id, message_type_id, data_element_id, mandatory, comments, updated_at) VALUES (3607, 22, 389, false, NULL, '2017-07-26 09:42:44.676896-04');
INSERT INTO message_element_mappings (id, message_type_id, data_element_id, mandatory, comments, updated_at) VALUES (3608, 22, 390, false, NULL, '2017-07-26 09:42:44.676896-04');
INSERT INTO message_element_mappings (id, message_type_id, data_element_id, mandatory, comments, updated_at) VALUES (3609, 22, 391, false, NULL, '2017-07-26 09:42:44.676896-04');
INSERT INTO message_element_mappings (id, message_type_id, data_element_id, mandatory, comments, updated_at) VALUES (3610, 22, 392, false, NULL, '2017-07-26 09:42:44.676896-04');
INSERT INTO message_element_mappings (id, message_type_id, data_element_id, mandatory, comments, updated_at) VALUES (4622, 16, 446, false, NULL, '2017-07-26 09:42:44.676896-04');
INSERT INTO message_element_mappings (id, message_type_id, data_element_id, mandatory, comments, updated_at) VALUES (4623, 16, 447, false, NULL, '2017-07-26 09:42:44.676896-04');
INSERT INTO message_element_mappings (id, message_type_id, data_element_id, mandatory, comments, updated_at) VALUES (4624, 16, 448, false, NULL, '2017-07-26 09:42:44.676896-04');
INSERT INTO message_element_mappings (id, message_type_id, data_element_id, mandatory, comments, updated_at) VALUES (4625, 16, 449, false, NULL, '2017-07-26 09:42:44.676896-04');
INSERT INTO message_element_mappings (id, message_type_id, data_element_id, mandatory, comments, updated_at) VALUES (4626, 16, 450, false, NULL, '2017-07-26 09:42:44.676896-04');
INSERT INTO message_element_mappings (id, message_type_id, data_element_id, mandatory, comments, updated_at) VALUES (4627, 16, 451, false, NULL, '2017-07-26 09:42:44.676896-04');
INSERT INTO message_element_mappings (id, message_type_id, data_element_id, mandatory, comments, updated_at) VALUES (4629, 16, 453, false, NULL, '2017-07-26 09:42:44.676896-04');
INSERT INTO message_element_mappings (id, message_type_id, data_element_id, mandatory, comments, updated_at) VALUES (4630, 16, 454, false, NULL, '2017-07-26 09:42:44.676896-04');
INSERT INTO message_element_mappings (id, message_type_id, data_element_id, mandatory, comments, updated_at) VALUES (4631, 16, 455, false, NULL, '2017-07-26 09:42:44.676896-04');
INSERT INTO message_element_mappings (id, message_type_id, data_element_id, mandatory, comments, updated_at) VALUES (4377, 23, 1, false, NULL, '2017-07-26 09:42:44.676896-04');
INSERT INTO message_element_mappings (id, message_type_id, data_element_id, mandatory, comments, updated_at) VALUES (4475, 22, 437, false, NULL, '2017-07-26 09:42:44.676896-04');
INSERT INTO message_element_mappings (id, message_type_id, data_element_id, mandatory, comments, updated_at) VALUES (4482, 22, 438, false, NULL, '2017-07-26 09:42:44.676896-04');
INSERT INTO message_element_mappings (id, message_type_id, data_element_id, mandatory, comments, updated_at) VALUES (4496, 22, 442, false, NULL, '2017-07-26 09:42:44.676896-04');
INSERT INTO message_element_mappings (id, message_type_id, data_element_id, mandatory, comments, updated_at) VALUES (4497, 22, 443, false, NULL, '2017-07-26 09:42:44.676896-04');
INSERT INTO message_element_mappings (id, message_type_id, data_element_id, mandatory, comments, updated_at) VALUES (4499, 22, 445, false, NULL, '2017-07-26 09:42:44.676896-04');
INSERT INTO message_element_mappings (id, message_type_id, data_element_id, mandatory, comments, updated_at) VALUES (4495, 22, 441, true, NULL, '2017-07-26 09:42:44.676896-04');
INSERT INTO message_element_mappings (id, message_type_id, data_element_id, mandatory, comments, updated_at) VALUES (4498, 22, 444, true, NULL, '2017-07-26 09:42:44.676896-04');
INSERT INTO message_element_mappings (id, message_type_id, data_element_id, mandatory, comments, updated_at) VALUES (4500, 22, 173, false, NULL, '2017-07-26 09:42:44.676896-04');
INSERT INTO message_element_mappings (id, message_type_id, data_element_id, mandatory, comments, updated_at) VALUES (4501, 22, 172, false, NULL, '2017-07-26 09:42:44.676896-04');
INSERT INTO message_element_mappings (id, message_type_id, data_element_id, mandatory, comments, updated_at) VALUES (4430, 23, 377, false, NULL, '2017-07-26 09:42:44.676896-04');
INSERT INTO message_element_mappings (id, message_type_id, data_element_id, mandatory, comments, updated_at) VALUES (4432, 23, 430, false, NULL, '2017-07-26 09:42:44.676896-04');
INSERT INTO message_element_mappings (id, message_type_id, data_element_id, mandatory, comments, updated_at) VALUES (4502, 1, 446, false, NULL, '2017-07-26 09:42:44.676896-04');
INSERT INTO message_element_mappings (id, message_type_id, data_element_id, mandatory, comments, updated_at) VALUES (4503, 1, 447, false, NULL, '2017-07-26 09:42:44.676896-04');
INSERT INTO message_element_mappings (id, message_type_id, data_element_id, mandatory, comments, updated_at) VALUES (4504, 1, 448, false, NULL, '2017-07-26 09:42:44.676896-04');
INSERT INTO message_element_mappings (id, message_type_id, data_element_id, mandatory, comments, updated_at) VALUES (4505, 1, 449, false, NULL, '2017-07-26 09:42:44.676896-04');
INSERT INTO message_element_mappings (id, message_type_id, data_element_id, mandatory, comments, updated_at) VALUES (4506, 1, 450, false, NULL, '2017-07-26 09:42:44.676896-04');
INSERT INTO message_element_mappings (id, message_type_id, data_element_id, mandatory, comments, updated_at) VALUES (4507, 1, 451, false, NULL, '2017-07-26 09:42:44.676896-04');
INSERT INTO message_element_mappings (id, message_type_id, data_element_id, mandatory, comments, updated_at) VALUES (4508, 1, 452, false, NULL, '2017-07-26 09:42:44.676896-04');
INSERT INTO message_element_mappings (id, message_type_id, data_element_id, mandatory, comments, updated_at) VALUES (4509, 1, 453, false, NULL, '2017-07-26 09:42:44.676896-04');
INSERT INTO message_element_mappings (id, message_type_id, data_element_id, mandatory, comments, updated_at) VALUES (4433, 23, 434, true, NULL, '2017-07-26 09:42:44.676896-04');
INSERT INTO message_element_mappings (id, message_type_id, data_element_id, mandatory, comments, updated_at) VALUES (4510, 1, 454, false, NULL, '2017-07-26 09:42:44.676896-04');
INSERT INTO message_element_mappings (id, message_type_id, data_element_id, mandatory, comments, updated_at) VALUES (4511, 1, 455, false, NULL, '2017-07-26 09:42:44.676896-04');
INSERT INTO message_element_mappings (id, message_type_id, data_element_id, mandatory, comments, updated_at) VALUES (4512, 2, 446, false, NULL, '2017-07-26 09:42:44.676896-04');
INSERT INTO message_element_mappings (id, message_type_id, data_element_id, mandatory, comments, updated_at) VALUES (4513, 2, 447, false, NULL, '2017-07-26 09:42:44.676896-04');
INSERT INTO message_element_mappings (id, message_type_id, data_element_id, mandatory, comments, updated_at) VALUES (4514, 2, 448, false, NULL, '2017-07-26 09:42:44.676896-04');
INSERT INTO message_element_mappings (id, message_type_id, data_element_id, mandatory, comments, updated_at) VALUES (4515, 2, 449, false, NULL, '2017-07-26 09:42:44.676896-04');
INSERT INTO message_element_mappings (id, message_type_id, data_element_id, mandatory, comments, updated_at) VALUES (4516, 2, 450, false, NULL, '2017-07-26 09:42:44.676896-04');
INSERT INTO message_element_mappings (id, message_type_id, data_element_id, mandatory, comments, updated_at) VALUES (4517, 2, 451, false, NULL, '2017-07-26 09:42:44.676896-04');
INSERT INTO message_element_mappings (id, message_type_id, data_element_id, mandatory, comments, updated_at) VALUES (4518, 2, 452, false, NULL, '2017-07-26 09:42:44.676896-04');
INSERT INTO message_element_mappings (id, message_type_id, data_element_id, mandatory, comments, updated_at) VALUES (4096, 16, 377, false, NULL, '2017-07-26 09:42:44.676896-04');
INSERT INTO message_element_mappings (id, message_type_id, data_element_id, mandatory, comments, updated_at) VALUES (4519, 2, 453, false, NULL, '2017-07-26 09:42:44.676896-04');
INSERT INTO message_element_mappings (id, message_type_id, data_element_id, mandatory, comments, updated_at) VALUES (4520, 2, 454, false, NULL, '2017-07-26 09:42:44.676896-04');
INSERT INTO message_element_mappings (id, message_type_id, data_element_id, mandatory, comments, updated_at) VALUES (4521, 2, 455, false, NULL, '2017-07-26 09:42:44.676896-04');
INSERT INTO message_element_mappings (id, message_type_id, data_element_id, mandatory, comments, updated_at) VALUES (4522, 6, 446, false, NULL, '2017-07-26 09:42:44.676896-04');
INSERT INTO message_element_mappings (id, message_type_id, data_element_id, mandatory, comments, updated_at) VALUES (4523, 6, 447, false, NULL, '2017-07-26 09:42:44.676896-04');
INSERT INTO message_element_mappings (id, message_type_id, data_element_id, mandatory, comments, updated_at) VALUES (4524, 6, 448, false, NULL, '2017-07-26 09:42:44.676896-04');
INSERT INTO message_element_mappings (id, message_type_id, data_element_id, mandatory, comments, updated_at) VALUES (4525, 6, 449, false, NULL, '2017-07-26 09:42:44.676896-04');
INSERT INTO message_element_mappings (id, message_type_id, data_element_id, mandatory, comments, updated_at) VALUES (4526, 6, 450, false, NULL, '2017-07-26 09:42:44.676896-04');
INSERT INTO message_element_mappings (id, message_type_id, data_element_id, mandatory, comments, updated_at) VALUES (4704, 24, 172, false, NULL, '2017-07-26 09:42:44.676896-04');
INSERT INTO message_element_mappings (id, message_type_id, data_element_id, mandatory, comments, updated_at) VALUES (4705, 24, 173, false, NULL, '2017-07-26 09:42:44.676896-04');
INSERT INTO message_element_mappings (id, message_type_id, data_element_id, mandatory, comments, updated_at) VALUES (4708, 24, 179, false, NULL, '2017-07-26 09:42:44.676896-04');
INSERT INTO message_element_mappings (id, message_type_id, data_element_id, mandatory, comments, updated_at) VALUES (4709, 24, 180, false, NULL, '2017-07-26 09:42:44.676896-04');
INSERT INTO message_element_mappings (id, message_type_id, data_element_id, mandatory, comments, updated_at) VALUES (4710, 24, 181, false, NULL, '2017-07-26 09:42:44.676896-04');
INSERT INTO message_element_mappings (id, message_type_id, data_element_id, mandatory, comments, updated_at) VALUES (4711, 24, 183, false, NULL, '2017-07-26 09:42:44.676896-04');
INSERT INTO message_element_mappings (id, message_type_id, data_element_id, mandatory, comments, updated_at) VALUES (4173, 22, 366, true, NULL, '2017-07-26 09:42:44.676896-04');
INSERT INTO message_element_mappings (id, message_type_id, data_element_id, mandatory, comments, updated_at) VALUES (4174, 22, 367, true, NULL, '2017-07-26 09:42:44.676896-04');
INSERT INTO message_element_mappings (id, message_type_id, data_element_id, mandatory, comments, updated_at) VALUES (4175, 22, 368, true, NULL, '2017-07-26 09:42:44.676896-04');
INSERT INTO message_element_mappings (id, message_type_id, data_element_id, mandatory, comments, updated_at) VALUES (4176, 22, 369, true, NULL, '2017-07-26 09:42:44.676896-04');
INSERT INTO message_element_mappings (id, message_type_id, data_element_id, mandatory, comments, updated_at) VALUES (4177, 22, 370, false, NULL, '2017-07-26 09:42:44.676896-04');
INSERT INTO message_element_mappings (id, message_type_id, data_element_id, mandatory, comments, updated_at) VALUES (4179, 22, 372, true, NULL, '2017-07-26 09:42:44.676896-04');
INSERT INTO message_element_mappings (id, message_type_id, data_element_id, mandatory, comments, updated_at) VALUES (4180, 22, 373, true, NULL, '2017-07-26 09:42:44.676896-04');
INSERT INTO message_element_mappings (id, message_type_id, data_element_id, mandatory, comments, updated_at) VALUES (4181, 22, 374, false, NULL, '2017-07-26 09:42:44.676896-04');
INSERT INTO message_element_mappings (id, message_type_id, data_element_id, mandatory, comments, updated_at) VALUES (4183, 22, 376, true, NULL, '2017-07-26 09:42:44.676896-04');
INSERT INTO message_element_mappings (id, message_type_id, data_element_id, mandatory, comments, updated_at) VALUES (4184, 22, 377, false, NULL, '2017-07-26 09:42:44.676896-04');
INSERT INTO message_element_mappings (id, message_type_id, data_element_id, mandatory, comments, updated_at) VALUES (4185, 22, 378, false, NULL, '2017-07-26 09:42:44.676896-04');
INSERT INTO message_element_mappings (id, message_type_id, data_element_id, mandatory, comments, updated_at) VALUES (4186, 22, 379, false, NULL, '2017-07-26 09:42:44.676896-04');
INSERT INTO message_element_mappings (id, message_type_id, data_element_id, mandatory, comments, updated_at) VALUES (4188, 22, 432, false, NULL, '2017-07-26 09:42:44.676896-04');
INSERT INTO message_element_mappings (id, message_type_id, data_element_id, mandatory, comments, updated_at) VALUES (4190, 22, 39, true, NULL, '2017-07-26 09:42:44.676896-04');
INSERT INTO message_element_mappings (id, message_type_id, data_element_id, mandatory, comments, updated_at) VALUES (4191, 22, 40, true, NULL, '2017-07-26 09:42:44.676896-04');
INSERT INTO message_element_mappings (id, message_type_id, data_element_id, mandatory, comments, updated_at) VALUES (4192, 22, 41, true, NULL, '2017-07-26 09:42:44.676896-04');
INSERT INTO message_element_mappings (id, message_type_id, data_element_id, mandatory, comments, updated_at) VALUES (4193, 22, 42, true, NULL, '2017-07-26 09:42:44.676896-04');
INSERT INTO message_element_mappings (id, message_type_id, data_element_id, mandatory, comments, updated_at) VALUES (4194, 22, 11, false, NULL, '2017-07-26 09:42:44.676896-04');
INSERT INTO message_element_mappings (id, message_type_id, data_element_id, mandatory, comments, updated_at) VALUES (4197, 22, 88, false, NULL, '2017-07-26 09:42:44.676896-04');
INSERT INTO message_element_mappings (id, message_type_id, data_element_id, mandatory, comments, updated_at) VALUES (4198, 22, 89, false, NULL, '2017-07-26 09:42:44.676896-04');
INSERT INTO message_element_mappings (id, message_type_id, data_element_id, mandatory, comments, updated_at) VALUES (4199, 22, 90, false, NULL, '2017-07-26 09:42:44.676896-04');
INSERT INTO message_element_mappings (id, message_type_id, data_element_id, mandatory, comments, updated_at) VALUES (4202, 22, 78, false, NULL, '2017-07-26 09:42:44.676896-04');
INSERT INTO message_element_mappings (id, message_type_id, data_element_id, mandatory, comments, updated_at) VALUES (4203, 22, 79, false, NULL, '2017-07-26 09:42:44.676896-04');
INSERT INTO message_element_mappings (id, message_type_id, data_element_id, mandatory, comments, updated_at) VALUES (4204, 22, 80, false, NULL, '2017-07-26 09:42:44.676896-04');
INSERT INTO message_element_mappings (id, message_type_id, data_element_id, mandatory, comments, updated_at) VALUES (146, 1, 146, false, NULL, '2017-07-26 09:42:44.676896-04');
INSERT INTO message_element_mappings (id, message_type_id, data_element_id, mandatory, comments, updated_at) VALUES (147, 1, 147, false, NULL, '2017-07-26 09:42:44.676896-04');
INSERT INTO message_element_mappings (id, message_type_id, data_element_id, mandatory, comments, updated_at) VALUES (148, 1, 148, false, NULL, '2017-07-26 09:42:44.676896-04');
INSERT INTO message_element_mappings (id, message_type_id, data_element_id, mandatory, comments, updated_at) VALUES (149, 1, 149, false, NULL, '2017-07-26 09:42:44.676896-04');
INSERT INTO message_element_mappings (id, message_type_id, data_element_id, mandatory, comments, updated_at) VALUES (150, 1, 150, false, NULL, '2017-07-26 09:42:44.676896-04');
INSERT INTO message_element_mappings (id, message_type_id, data_element_id, mandatory, comments, updated_at) VALUES (151, 1, 151, false, NULL, '2017-07-26 09:42:44.676896-04');
INSERT INTO message_element_mappings (id, message_type_id, data_element_id, mandatory, comments, updated_at) VALUES (152, 1, 152, false, NULL, '2017-07-26 09:42:44.676896-04');
INSERT INTO message_element_mappings (id, message_type_id, data_element_id, mandatory, comments, updated_at) VALUES (153, 1, 153, false, NULL, '2017-07-26 09:42:44.676896-04');
INSERT INTO message_element_mappings (id, message_type_id, data_element_id, mandatory, comments, updated_at) VALUES (220, 2, 32, false, NULL, '2017-07-26 09:42:44.676896-04');
INSERT INTO message_element_mappings (id, message_type_id, data_element_id, mandatory, comments, updated_at) VALUES (221, 2, 33, false, NULL, '2017-07-26 09:42:44.676896-04');
INSERT INTO message_element_mappings (id, message_type_id, data_element_id, mandatory, comments, updated_at) VALUES (222, 2, 34, false, NULL, '2017-07-26 09:42:44.676896-04');
INSERT INTO message_element_mappings (id, message_type_id, data_element_id, mandatory, comments, updated_at) VALUES (223, 2, 35, false, NULL, '2017-07-26 09:42:44.676896-04');
INSERT INTO message_element_mappings (id, message_type_id, data_element_id, mandatory, comments, updated_at) VALUES (224, 2, 36, false, NULL, '2017-07-26 09:42:44.676896-04');
INSERT INTO message_element_mappings (id, message_type_id, data_element_id, mandatory, comments, updated_at) VALUES (225, 2, 37, false, NULL, '2017-07-26 09:42:44.676896-04');
INSERT INTO message_element_mappings (id, message_type_id, data_element_id, mandatory, comments, updated_at) VALUES (226, 2, 38, false, NULL, '2017-07-26 09:42:44.676896-04');
INSERT INTO message_element_mappings (id, message_type_id, data_element_id, mandatory, comments, updated_at) VALUES (234, 2, 46, false, NULL, '2017-07-26 09:42:44.676896-04');
INSERT INTO message_element_mappings (id, message_type_id, data_element_id, mandatory, comments, updated_at) VALUES (235, 2, 47, false, NULL, '2017-07-26 09:42:44.676896-04');
INSERT INTO message_element_mappings (id, message_type_id, data_element_id, mandatory, comments, updated_at) VALUES (294, 2, 106, false, NULL, '2017-07-26 09:42:44.676896-04');
INSERT INTO message_element_mappings (id, message_type_id, data_element_id, mandatory, comments, updated_at) VALUES (4690, 24, 11, true, NULL, '2017-07-26 09:42:44.676896-04');
INSERT INTO message_element_mappings (id, message_type_id, data_element_id, mandatory, comments, updated_at) VALUES (132, 1, 132, false, NULL, '2017-07-26 09:42:44.676896-04');
INSERT INTO message_element_mappings (id, message_type_id, data_element_id, mandatory, comments, updated_at) VALUES (133, 1, 133, false, NULL, '2017-07-26 09:42:44.676896-04');
INSERT INTO message_element_mappings (id, message_type_id, data_element_id, mandatory, comments, updated_at) VALUES (134, 1, 134, false, NULL, '2017-07-26 09:42:44.676896-04');
INSERT INTO message_element_mappings (id, message_type_id, data_element_id, mandatory, comments, updated_at) VALUES (135, 1, 135, false, NULL, '2017-07-26 09:42:44.676896-04');
INSERT INTO message_element_mappings (id, message_type_id, data_element_id, mandatory, comments, updated_at) VALUES (136, 1, 136, false, NULL, '2017-07-26 09:42:44.676896-04');
INSERT INTO message_element_mappings (id, message_type_id, data_element_id, mandatory, comments, updated_at) VALUES (138, 1, 138, false, NULL, '2017-07-26 09:42:44.676896-04');
INSERT INTO message_element_mappings (id, message_type_id, data_element_id, mandatory, comments, updated_at) VALUES (139, 1, 139, false, NULL, '2017-07-26 09:42:44.676896-04');
INSERT INTO message_element_mappings (id, message_type_id, data_element_id, mandatory, comments, updated_at) VALUES (140, 1, 140, false, NULL, '2017-07-26 09:42:44.676896-04');
INSERT INTO message_element_mappings (id, message_type_id, data_element_id, mandatory, comments, updated_at) VALUES (141, 1, 141, false, NULL, '2017-07-26 09:42:44.676896-04');
INSERT INTO message_element_mappings (id, message_type_id, data_element_id, mandatory, comments, updated_at) VALUES (142, 1, 142, false, NULL, '2017-07-26 09:42:44.676896-04');
INSERT INTO message_element_mappings (id, message_type_id, data_element_id, mandatory, comments, updated_at) VALUES (143, 1, 143, false, NULL, '2017-07-26 09:42:44.676896-04');
INSERT INTO message_element_mappings (id, message_type_id, data_element_id, mandatory, comments, updated_at) VALUES (144, 1, 144, false, NULL, '2017-07-26 09:42:44.676896-04');
INSERT INTO message_element_mappings (id, message_type_id, data_element_id, mandatory, comments, updated_at) VALUES (145, 1, 145, false, NULL, '2017-07-26 09:42:44.676896-04');
INSERT INTO message_element_mappings (id, message_type_id, data_element_id, mandatory, comments, updated_at) VALUES (295, 2, 107, false, NULL, '2017-07-26 09:42:44.676896-04');
INSERT INTO message_element_mappings (id, message_type_id, data_element_id, mandatory, comments, updated_at) VALUES (296, 2, 108, false, NULL, '2017-07-26 09:42:44.676896-04');
INSERT INTO message_element_mappings (id, message_type_id, data_element_id, mandatory, comments, updated_at) VALUES (297, 2, 109, false, NULL, '2017-07-26 09:42:44.676896-04');
INSERT INTO message_element_mappings (id, message_type_id, data_element_id, mandatory, comments, updated_at) VALUES (298, 2, 110, false, NULL, '2017-07-26 09:42:44.676896-04');
INSERT INTO message_element_mappings (id, message_type_id, data_element_id, mandatory, comments, updated_at) VALUES (299, 2, 111, false, NULL, '2017-07-26 09:42:44.676896-04');
INSERT INTO message_element_mappings (id, message_type_id, data_element_id, mandatory, comments, updated_at) VALUES (300, 2, 112, false, NULL, '2017-07-26 09:42:44.676896-04');
INSERT INTO message_element_mappings (id, message_type_id, data_element_id, mandatory, comments, updated_at) VALUES (301, 2, 113, false, NULL, '2017-07-26 09:42:44.676896-04');
INSERT INTO message_element_mappings (id, message_type_id, data_element_id, mandatory, comments, updated_at) VALUES (302, 2, 114, false, NULL, '2017-07-26 09:42:44.676896-04');
INSERT INTO message_element_mappings (id, message_type_id, data_element_id, mandatory, comments, updated_at) VALUES (303, 2, 115, false, NULL, '2017-07-26 09:42:44.676896-04');
INSERT INTO message_element_mappings (id, message_type_id, data_element_id, mandatory, comments, updated_at) VALUES (304, 2, 116, false, NULL, '2017-07-26 09:42:44.676896-04');
INSERT INTO message_element_mappings (id, message_type_id, data_element_id, mandatory, comments, updated_at) VALUES (305, 2, 117, false, NULL, '2017-07-26 09:42:44.676896-04');
INSERT INTO message_element_mappings (id, message_type_id, data_element_id, mandatory, comments, updated_at) VALUES (306, 2, 118, false, NULL, '2017-07-26 09:42:44.676896-04');
INSERT INTO message_element_mappings (id, message_type_id, data_element_id, mandatory, comments, updated_at) VALUES (307, 2, 119, false, NULL, '2017-07-26 09:42:44.676896-04');
INSERT INTO message_element_mappings (id, message_type_id, data_element_id, mandatory, comments, updated_at) VALUES (308, 2, 120, false, NULL, '2017-07-26 09:42:44.676896-04');
INSERT INTO message_element_mappings (id, message_type_id, data_element_id, mandatory, comments, updated_at) VALUES (309, 2, 121, false, NULL, '2017-07-26 09:42:44.676896-04');
INSERT INTO message_element_mappings (id, message_type_id, data_element_id, mandatory, comments, updated_at) VALUES (310, 2, 122, false, NULL, '2017-07-26 09:42:44.676896-04');
INSERT INTO message_element_mappings (id, message_type_id, data_element_id, mandatory, comments, updated_at) VALUES (311, 2, 123, false, NULL, '2017-07-26 09:42:44.676896-04');
INSERT INTO message_element_mappings (id, message_type_id, data_element_id, mandatory, comments, updated_at) VALUES (312, 2, 124, false, NULL, '2017-07-26 09:42:44.676896-04');
INSERT INTO message_element_mappings (id, message_type_id, data_element_id, mandatory, comments, updated_at) VALUES (313, 2, 125, false, NULL, '2017-07-26 09:42:44.676896-04');
INSERT INTO message_element_mappings (id, message_type_id, data_element_id, mandatory, comments, updated_at) VALUES (817, 5, 65, false, NULL, '2017-07-26 09:42:44.676896-04');
INSERT INTO message_element_mappings (id, message_type_id, data_element_id, mandatory, comments, updated_at) VALUES (818, 5, 66, false, NULL, '2017-07-26 09:42:44.676896-04');
INSERT INTO message_element_mappings (id, message_type_id, data_element_id, mandatory, comments, updated_at) VALUES (819, 5, 67, false, NULL, '2017-07-26 09:42:44.676896-04');
INSERT INTO message_element_mappings (id, message_type_id, data_element_id, mandatory, comments, updated_at) VALUES (820, 5, 68, false, NULL, '2017-07-26 09:42:44.676896-04');
INSERT INTO message_element_mappings (id, message_type_id, data_element_id, mandatory, comments, updated_at) VALUES (821, 5, 69, false, NULL, '2017-07-26 09:42:44.676896-04');
INSERT INTO message_element_mappings (id, message_type_id, data_element_id, mandatory, comments, updated_at) VALUES (822, 5, 70, false, NULL, '2017-07-26 09:42:44.676896-04');
INSERT INTO message_element_mappings (id, message_type_id, data_element_id, mandatory, comments, updated_at) VALUES (823, 5, 71, false, NULL, '2017-07-26 09:42:44.676896-04');
INSERT INTO message_element_mappings (id, message_type_id, data_element_id, mandatory, comments, updated_at) VALUES (824, 5, 72, false, NULL, '2017-07-26 09:42:44.676896-04');
INSERT INTO message_element_mappings (id, message_type_id, data_element_id, mandatory, comments, updated_at) VALUES (825, 5, 73, false, NULL, '2017-07-26 09:42:44.676896-04');
INSERT INTO message_element_mappings (id, message_type_id, data_element_id, mandatory, comments, updated_at) VALUES (826, 5, 74, false, NULL, '2017-07-26 09:42:44.676896-04');
INSERT INTO message_element_mappings (id, message_type_id, data_element_id, mandatory, comments, updated_at) VALUES (827, 5, 75, false, NULL, '2017-07-26 09:42:44.676896-04');
INSERT INTO message_element_mappings (id, message_type_id, data_element_id, mandatory, comments, updated_at) VALUES (828, 5, 76, false, NULL, '2017-07-26 09:42:44.676896-04');
INSERT INTO message_element_mappings (id, message_type_id, data_element_id, mandatory, comments, updated_at) VALUES (829, 5, 77, false, NULL, '2017-07-26 09:42:44.676896-04');
INSERT INTO message_element_mappings (id, message_type_id, data_element_id, mandatory, comments, updated_at) VALUES (830, 5, 78, false, NULL, '2017-07-26 09:42:44.676896-04');
INSERT INTO message_element_mappings (id, message_type_id, data_element_id, mandatory, comments, updated_at) VALUES (831, 5, 79, false, NULL, '2017-07-26 09:42:44.676896-04');
INSERT INTO message_element_mappings (id, message_type_id, data_element_id, mandatory, comments, updated_at) VALUES (832, 5, 80, false, NULL, '2017-07-26 09:42:44.676896-04');
INSERT INTO message_element_mappings (id, message_type_id, data_element_id, mandatory, comments, updated_at) VALUES (833, 5, 81, false, NULL, '2017-07-26 09:42:44.676896-04');
INSERT INTO message_element_mappings (id, message_type_id, data_element_id, mandatory, comments, updated_at) VALUES (405, 3, 29, false, NULL, '2017-07-26 09:42:44.676896-04');
INSERT INTO message_element_mappings (id, message_type_id, data_element_id, mandatory, comments, updated_at) VALUES (406, 3, 30, false, NULL, '2017-07-26 09:42:44.676896-04');
INSERT INTO message_element_mappings (id, message_type_id, data_element_id, mandatory, comments, updated_at) VALUES (407, 3, 31, false, NULL, '2017-07-26 09:42:44.676896-04');
INSERT INTO message_element_mappings (id, message_type_id, data_element_id, mandatory, comments, updated_at) VALUES (408, 3, 32, false, NULL, '2017-07-26 09:42:44.676896-04');
INSERT INTO message_element_mappings (id, message_type_id, data_element_id, mandatory, comments, updated_at) VALUES (409, 3, 33, false, NULL, '2017-07-26 09:42:44.676896-04');
INSERT INTO message_element_mappings (id, message_type_id, data_element_id, mandatory, comments, updated_at) VALUES (410, 3, 34, false, NULL, '2017-07-26 09:42:44.676896-04');
INSERT INTO message_element_mappings (id, message_type_id, data_element_id, mandatory, comments, updated_at) VALUES (411, 3, 35, false, NULL, '2017-07-26 09:42:44.676896-04');
INSERT INTO message_element_mappings (id, message_type_id, data_element_id, mandatory, comments, updated_at) VALUES (412, 3, 36, false, NULL, '2017-07-26 09:42:44.676896-04');
INSERT INTO message_element_mappings (id, message_type_id, data_element_id, mandatory, comments, updated_at) VALUES (413, 3, 37, false, NULL, '2017-07-26 09:42:44.676896-04');
INSERT INTO message_element_mappings (id, message_type_id, data_element_id, mandatory, comments, updated_at) VALUES (414, 3, 38, false, NULL, '2017-07-26 09:42:44.676896-04');
INSERT INTO message_element_mappings (id, message_type_id, data_element_id, mandatory, comments, updated_at) VALUES (4205, 22, 136, false, NULL, '2017-07-26 09:42:44.676896-04');
INSERT INTO message_element_mappings (id, message_type_id, data_element_id, mandatory, comments, updated_at) VALUES (4206, 22, 3, false, NULL, '2017-07-26 09:42:44.676896-04');
INSERT INTO message_element_mappings (id, message_type_id, data_element_id, mandatory, comments, updated_at) VALUES (4207, 22, 181, false, NULL, '2017-07-26 09:42:44.676896-04');
INSERT INTO message_element_mappings (id, message_type_id, data_element_id, mandatory, comments, updated_at) VALUES (4208, 22, 179, false, NULL, '2017-07-26 09:42:44.676896-04');
INSERT INTO message_element_mappings (id, message_type_id, data_element_id, mandatory, comments, updated_at) VALUES (4209, 22, 180, false, NULL, '2017-07-26 09:42:44.676896-04');
INSERT INTO message_element_mappings (id, message_type_id, data_element_id, mandatory, comments, updated_at) VALUES (4210, 22, 2, false, NULL, '2017-07-26 09:42:44.676896-04');
INSERT INTO message_element_mappings (id, message_type_id, data_element_id, mandatory, comments, updated_at) VALUES (4211, 22, 45, true, NULL, '2017-07-26 09:42:44.676896-04');
INSERT INTO message_element_mappings (id, message_type_id, data_element_id, mandatory, comments, updated_at) VALUES (4212, 22, 185, false, NULL, '2017-07-26 09:42:44.676896-04');
INSERT INTO message_element_mappings (id, message_type_id, data_element_id, mandatory, comments, updated_at) VALUES (4213, 22, 183, false, NULL, '2017-07-26 09:42:44.676896-04');
INSERT INTO message_element_mappings (id, message_type_id, data_element_id, mandatory, comments, updated_at) VALUES (4214, 22, 184, false, NULL, '2017-07-26 09:42:44.676896-04');
INSERT INTO message_element_mappings (id, message_type_id, data_element_id, mandatory, comments, updated_at) VALUES (4215, 22, 168, false, NULL, '2017-07-26 09:42:44.676896-04');
INSERT INTO message_element_mappings (id, message_type_id, data_element_id, mandatory, comments, updated_at) VALUES (4216, 22, 1, false, NULL, '2017-07-26 09:42:44.676896-04');
INSERT INTO message_element_mappings (id, message_type_id, data_element_id, mandatory, comments, updated_at) VALUES (4217, 22, 5, false, NULL, '2017-07-26 09:42:44.676896-04');
INSERT INTO message_element_mappings (id, message_type_id, data_element_id, mandatory, comments, updated_at) VALUES (4218, 22, 135, false, NULL, '2017-07-26 09:42:44.676896-04');
INSERT INTO message_element_mappings (id, message_type_id, data_element_id, mandatory, comments, updated_at) VALUES (4219, 22, 170, false, NULL, '2017-07-26 09:42:44.676896-04');
INSERT INTO message_element_mappings (id, message_type_id, data_element_id, mandatory, comments, updated_at) VALUES (4220, 22, 171, false, NULL, '2017-07-26 09:42:44.676896-04');
INSERT INTO message_element_mappings (id, message_type_id, data_element_id, mandatory, comments, updated_at) VALUES (4221, 22, 6, false, NULL, '2017-07-26 09:42:44.676896-04');
INSERT INTO message_element_mappings (id, message_type_id, data_element_id, mandatory, comments, updated_at) VALUES (4222, 22, 134, false, NULL, '2017-07-26 09:42:44.676896-04');
INSERT INTO message_element_mappings (id, message_type_id, data_element_id, mandatory, comments, updated_at) VALUES (4239, 1, 430, false, NULL, '2017-07-26 09:42:44.676896-04');
INSERT INTO message_element_mappings (id, message_type_id, data_element_id, mandatory, comments, updated_at) VALUES (4240, 2, 430, false, NULL, '2017-07-26 09:42:44.676896-04');
INSERT INTO message_element_mappings (id, message_type_id, data_element_id, mandatory, comments, updated_at) VALUES (4241, 3, 430, false, NULL, '2017-07-26 09:42:44.676896-04');
INSERT INTO message_element_mappings (id, message_type_id, data_element_id, mandatory, comments, updated_at) VALUES (4242, 5, 430, false, NULL, '2017-07-26 09:42:44.676896-04');
INSERT INTO message_element_mappings (id, message_type_id, data_element_id, mandatory, comments, updated_at) VALUES (416, 3, 40, false, NULL, '2017-07-26 09:42:44.676896-04');
INSERT INTO message_element_mappings (id, message_type_id, data_element_id, mandatory, comments, updated_at) VALUES (420, 3, 44, false, NULL, '2017-07-26 09:42:44.676896-04');
INSERT INTO message_element_mappings (id, message_type_id, data_element_id, mandatory, comments, updated_at) VALUES (422, 3, 46, false, NULL, '2017-07-26 09:42:44.676896-04');
INSERT INTO message_element_mappings (id, message_type_id, data_element_id, mandatory, comments, updated_at) VALUES (423, 3, 47, false, NULL, '2017-07-26 09:42:44.676896-04');
INSERT INTO message_element_mappings (id, message_type_id, data_element_id, mandatory, comments, updated_at) VALUES (424, 3, 48, false, NULL, '2017-07-26 09:42:44.676896-04');
INSERT INTO message_element_mappings (id, message_type_id, data_element_id, mandatory, comments, updated_at) VALUES (425, 3, 49, false, NULL, '2017-07-26 09:42:44.676896-04');
INSERT INTO message_element_mappings (id, message_type_id, data_element_id, mandatory, comments, updated_at) VALUES (426, 3, 50, false, NULL, '2017-07-26 09:42:44.676896-04');
INSERT INTO message_element_mappings (id, message_type_id, data_element_id, mandatory, comments, updated_at) VALUES (427, 3, 51, false, NULL, '2017-07-26 09:42:44.676896-04');
INSERT INTO message_element_mappings (id, message_type_id, data_element_id, mandatory, comments, updated_at) VALUES (428, 3, 52, false, NULL, '2017-07-26 09:42:44.676896-04');
INSERT INTO message_element_mappings (id, message_type_id, data_element_id, mandatory, comments, updated_at) VALUES (429, 3, 53, false, NULL, '2017-07-26 09:42:44.676896-04');
INSERT INTO message_element_mappings (id, message_type_id, data_element_id, mandatory, comments, updated_at) VALUES (430, 3, 54, false, NULL, '2017-07-26 09:42:44.676896-04');
INSERT INTO message_element_mappings (id, message_type_id, data_element_id, mandatory, comments, updated_at) VALUES (431, 3, 55, false, NULL, '2017-07-26 09:42:44.676896-04');
INSERT INTO message_element_mappings (id, message_type_id, data_element_id, mandatory, comments, updated_at) VALUES (432, 3, 56, false, NULL, '2017-07-26 09:42:44.676896-04');
INSERT INTO message_element_mappings (id, message_type_id, data_element_id, mandatory, comments, updated_at) VALUES (433, 3, 57, false, NULL, '2017-07-26 09:42:44.676896-04');
INSERT INTO message_element_mappings (id, message_type_id, data_element_id, mandatory, comments, updated_at) VALUES (434, 3, 58, false, NULL, '2017-07-26 09:42:44.676896-04');
INSERT INTO message_element_mappings (id, message_type_id, data_element_id, mandatory, comments, updated_at) VALUES (435, 3, 59, false, NULL, '2017-07-26 09:42:44.676896-04');
INSERT INTO message_element_mappings (id, message_type_id, data_element_id, mandatory, comments, updated_at) VALUES (436, 3, 60, false, NULL, '2017-07-26 09:42:44.676896-04');
INSERT INTO message_element_mappings (id, message_type_id, data_element_id, mandatory, comments, updated_at) VALUES (437, 3, 61, false, NULL, '2017-07-26 09:42:44.676896-04');
INSERT INTO message_element_mappings (id, message_type_id, data_element_id, mandatory, comments, updated_at) VALUES (438, 3, 62, false, NULL, '2017-07-26 09:42:44.676896-04');
INSERT INTO message_element_mappings (id, message_type_id, data_element_id, mandatory, comments, updated_at) VALUES (439, 3, 63, false, NULL, '2017-07-26 09:42:44.676896-04');
INSERT INTO message_element_mappings (id, message_type_id, data_element_id, mandatory, comments, updated_at) VALUES (440, 3, 64, false, NULL, '2017-07-26 09:42:44.676896-04');
INSERT INTO message_element_mappings (id, message_type_id, data_element_id, mandatory, comments, updated_at) VALUES (441, 3, 65, false, NULL, '2017-07-26 09:42:44.676896-04');
INSERT INTO message_element_mappings (id, message_type_id, data_element_id, mandatory, comments, updated_at) VALUES (442, 3, 66, false, NULL, '2017-07-26 09:42:44.676896-04');
INSERT INTO message_element_mappings (id, message_type_id, data_element_id, mandatory, comments, updated_at) VALUES (415, 3, 39, true, NULL, '2017-07-26 09:42:44.676896-04');
INSERT INTO message_element_mappings (id, message_type_id, data_element_id, mandatory, comments, updated_at) VALUES (417, 3, 41, true, NULL, '2017-07-26 09:42:44.676896-04');
INSERT INTO message_element_mappings (id, message_type_id, data_element_id, mandatory, comments, updated_at) VALUES (418, 3, 42, true, NULL, '2017-07-26 09:42:44.676896-04');
INSERT INTO message_element_mappings (id, message_type_id, data_element_id, mandatory, comments, updated_at) VALUES (419, 3, 43, true, NULL, '2017-07-26 09:42:44.676896-04');
INSERT INTO message_element_mappings (id, message_type_id, data_element_id, mandatory, comments, updated_at) VALUES (443, 3, 67, false, NULL, '2017-07-26 09:42:44.676896-04');
INSERT INTO message_element_mappings (id, message_type_id, data_element_id, mandatory, comments, updated_at) VALUES (444, 3, 68, false, NULL, '2017-07-26 09:42:44.676896-04');
INSERT INTO message_element_mappings (id, message_type_id, data_element_id, mandatory, comments, updated_at) VALUES (445, 3, 69, false, NULL, '2017-07-26 09:42:44.676896-04');
INSERT INTO message_element_mappings (id, message_type_id, data_element_id, mandatory, comments, updated_at) VALUES (67, 1, 67, false, NULL, '2017-07-26 09:42:44.676896-04');
INSERT INTO message_element_mappings (id, message_type_id, data_element_id, mandatory, comments, updated_at) VALUES (68, 1, 68, false, NULL, '2017-07-26 09:42:44.676896-04');
INSERT INTO message_element_mappings (id, message_type_id, data_element_id, mandatory, comments, updated_at) VALUES (69, 1, 69, false, NULL, '2017-07-26 09:42:44.676896-04');
INSERT INTO message_element_mappings (id, message_type_id, data_element_id, mandatory, comments, updated_at) VALUES (70, 1, 70, false, NULL, '2017-07-26 09:42:44.676896-04');
INSERT INTO message_element_mappings (id, message_type_id, data_element_id, mandatory, comments, updated_at) VALUES (71, 1, 71, false, NULL, '2017-07-26 09:42:44.676896-04');
INSERT INTO message_element_mappings (id, message_type_id, data_element_id, mandatory, comments, updated_at) VALUES (72, 1, 72, false, NULL, '2017-07-26 09:42:44.676896-04');
INSERT INTO message_element_mappings (id, message_type_id, data_element_id, mandatory, comments, updated_at) VALUES (73, 1, 73, false, NULL, '2017-07-26 09:42:44.676896-04');
INSERT INTO message_element_mappings (id, message_type_id, data_element_id, mandatory, comments, updated_at) VALUES (74, 1, 74, false, NULL, '2017-07-26 09:42:44.676896-04');
INSERT INTO message_element_mappings (id, message_type_id, data_element_id, mandatory, comments, updated_at) VALUES (75, 1, 75, false, NULL, '2017-07-26 09:42:44.676896-04');
INSERT INTO message_element_mappings (id, message_type_id, data_element_id, mandatory, comments, updated_at) VALUES (76, 1, 76, false, NULL, '2017-07-26 09:42:44.676896-04');
INSERT INTO message_element_mappings (id, message_type_id, data_element_id, mandatory, comments, updated_at) VALUES (77, 1, 77, false, NULL, '2017-07-26 09:42:44.676896-04');
INSERT INTO message_element_mappings (id, message_type_id, data_element_id, mandatory, comments, updated_at) VALUES (78, 1, 78, false, NULL, '2017-07-26 09:42:44.676896-04');
INSERT INTO message_element_mappings (id, message_type_id, data_element_id, mandatory, comments, updated_at) VALUES (79, 1, 79, false, NULL, '2017-07-26 09:42:44.676896-04');
INSERT INTO message_element_mappings (id, message_type_id, data_element_id, mandatory, comments, updated_at) VALUES (80, 1, 80, false, NULL, '2017-07-26 09:42:44.676896-04');
INSERT INTO message_element_mappings (id, message_type_id, data_element_id, mandatory, comments, updated_at) VALUES (81, 1, 81, false, NULL, '2017-07-26 09:42:44.676896-04');
INSERT INTO message_element_mappings (id, message_type_id, data_element_id, mandatory, comments, updated_at) VALUES (82, 1, 82, false, NULL, '2017-07-26 09:42:44.676896-04');
INSERT INTO message_element_mappings (id, message_type_id, data_element_id, mandatory, comments, updated_at) VALUES (83, 1, 83, false, NULL, '2017-07-26 09:42:44.676896-04');
INSERT INTO message_element_mappings (id, message_type_id, data_element_id, mandatory, comments, updated_at) VALUES (84, 1, 84, false, NULL, '2017-07-26 09:42:44.676896-04');
INSERT INTO message_element_mappings (id, message_type_id, data_element_id, mandatory, comments, updated_at) VALUES (85, 1, 85, false, NULL, '2017-07-26 09:42:44.676896-04');
INSERT INTO message_element_mappings (id, message_type_id, data_element_id, mandatory, comments, updated_at) VALUES (86, 1, 86, false, NULL, '2017-07-26 09:42:44.676896-04');
INSERT INTO message_element_mappings (id, message_type_id, data_element_id, mandatory, comments, updated_at) VALUES (87, 1, 87, false, NULL, '2017-07-26 09:42:44.676896-04');
INSERT INTO message_element_mappings (id, message_type_id, data_element_id, mandatory, comments, updated_at) VALUES (88, 1, 88, false, NULL, '2017-07-26 09:42:44.676896-04');
INSERT INTO message_element_mappings (id, message_type_id, data_element_id, mandatory, comments, updated_at) VALUES (89, 1, 89, false, NULL, '2017-07-26 09:42:44.676896-04');
INSERT INTO message_element_mappings (id, message_type_id, data_element_id, mandatory, comments, updated_at) VALUES (90, 1, 90, false, NULL, '2017-07-26 09:42:44.676896-04');
INSERT INTO message_element_mappings (id, message_type_id, data_element_id, mandatory, comments, updated_at) VALUES (91, 1, 91, false, NULL, '2017-07-26 09:42:44.676896-04');
INSERT INTO message_element_mappings (id, message_type_id, data_element_id, mandatory, comments, updated_at) VALUES (92, 1, 92, false, NULL, '2017-07-26 09:42:44.676896-04');
INSERT INTO message_element_mappings (id, message_type_id, data_element_id, mandatory, comments, updated_at) VALUES (93, 1, 93, false, NULL, '2017-07-26 09:42:44.676896-04');
INSERT INTO message_element_mappings (id, message_type_id, data_element_id, mandatory, comments, updated_at) VALUES (94, 1, 94, false, NULL, '2017-07-26 09:42:44.676896-04');
INSERT INTO message_element_mappings (id, message_type_id, data_element_id, mandatory, comments, updated_at) VALUES (95, 1, 95, false, NULL, '2017-07-26 09:42:44.676896-04');
INSERT INTO message_element_mappings (id, message_type_id, data_element_id, mandatory, comments, updated_at) VALUES (123, 1, 123, false, NULL, '2017-07-26 09:42:44.676896-04');
INSERT INTO message_element_mappings (id, message_type_id, data_element_id, mandatory, comments, updated_at) VALUES (124, 1, 124, false, NULL, '2017-07-26 09:42:44.676896-04');
INSERT INTO message_element_mappings (id, message_type_id, data_element_id, mandatory, comments, updated_at) VALUES (125, 1, 125, false, NULL, '2017-07-26 09:42:44.676896-04');
INSERT INTO message_element_mappings (id, message_type_id, data_element_id, mandatory, comments, updated_at) VALUES (172, 1, 172, false, NULL, '2017-07-26 09:42:44.676896-04');
INSERT INTO message_element_mappings (id, message_type_id, data_element_id, mandatory, comments, updated_at) VALUES (173, 1, 173, false, NULL, '2017-07-26 09:42:44.676896-04');
INSERT INTO message_element_mappings (id, message_type_id, data_element_id, mandatory, comments, updated_at) VALUES (174, 1, 174, false, NULL, '2017-07-26 09:42:44.676896-04');
INSERT INTO message_element_mappings (id, message_type_id, data_element_id, mandatory, comments, updated_at) VALUES (3386, 19, 2, false, NULL, '2017-07-26 09:42:44.676896-04');
INSERT INTO message_element_mappings (id, message_type_id, data_element_id, mandatory, comments, updated_at) VALUES (3387, 19, 3, false, NULL, '2017-07-26 09:42:44.676896-04');
INSERT INTO message_element_mappings (id, message_type_id, data_element_id, mandatory, comments, updated_at) VALUES (3388, 19, 4, false, NULL, '2017-07-26 09:42:44.676896-04');
INSERT INTO message_element_mappings (id, message_type_id, data_element_id, mandatory, comments, updated_at) VALUES (3389, 19, 5, false, NULL, '2017-07-26 09:42:44.676896-04');
INSERT INTO message_element_mappings (id, message_type_id, data_element_id, mandatory, comments, updated_at) VALUES (3390, 19, 6, false, NULL, '2017-07-26 09:42:44.676896-04');
INSERT INTO message_element_mappings (id, message_type_id, data_element_id, mandatory, comments, updated_at) VALUES (3391, 19, 7, false, NULL, '2017-07-26 09:42:44.676896-04');
INSERT INTO message_element_mappings (id, message_type_id, data_element_id, mandatory, comments, updated_at) VALUES (2, 1, 2, false, NULL, '2017-07-26 09:42:44.676896-04');
INSERT INTO message_element_mappings (id, message_type_id, data_element_id, mandatory, comments, updated_at) VALUES (23, 1, 23, false, NULL, '2017-07-26 09:42:44.676896-04');
INSERT INTO message_element_mappings (id, message_type_id, data_element_id, mandatory, comments, updated_at) VALUES (24, 1, 24, false, NULL, '2017-07-26 09:42:44.676896-04');
INSERT INTO message_element_mappings (id, message_type_id, data_element_id, mandatory, comments, updated_at) VALUES (25, 1, 25, false, NULL, '2017-07-26 09:42:44.676896-04');
INSERT INTO message_element_mappings (id, message_type_id, data_element_id, mandatory, comments, updated_at) VALUES (26, 1, 26, false, NULL, '2017-07-26 09:42:44.676896-04');
INSERT INTO message_element_mappings (id, message_type_id, data_element_id, mandatory, comments, updated_at) VALUES (27, 1, 27, false, NULL, '2017-07-26 09:42:44.676896-04');
INSERT INTO message_element_mappings (id, message_type_id, data_element_id, mandatory, comments, updated_at) VALUES (28, 1, 28, false, NULL, '2017-07-26 09:42:44.676896-04');
INSERT INTO message_element_mappings (id, message_type_id, data_element_id, mandatory, comments, updated_at) VALUES (29, 1, 29, false, NULL, '2017-07-26 09:42:44.676896-04');
INSERT INTO message_element_mappings (id, message_type_id, data_element_id, mandatory, comments, updated_at) VALUES (30, 1, 30, false, NULL, '2017-07-26 09:42:44.676896-04');
INSERT INTO message_element_mappings (id, message_type_id, data_element_id, mandatory, comments, updated_at) VALUES (31, 1, 31, false, NULL, '2017-07-26 09:42:44.676896-04');
INSERT INTO message_element_mappings (id, message_type_id, data_element_id, mandatory, comments, updated_at) VALUES (32, 1, 32, false, NULL, '2017-07-26 09:42:44.676896-04');
INSERT INTO message_element_mappings (id, message_type_id, data_element_id, mandatory, comments, updated_at) VALUES (33, 1, 33, false, NULL, '2017-07-26 09:42:44.676896-04');
INSERT INTO message_element_mappings (id, message_type_id, data_element_id, mandatory, comments, updated_at) VALUES (34, 1, 34, false, NULL, '2017-07-26 09:42:44.676896-04');
INSERT INTO message_element_mappings (id, message_type_id, data_element_id, mandatory, comments, updated_at) VALUES (35, 1, 35, false, NULL, '2017-07-26 09:42:44.676896-04');
INSERT INTO message_element_mappings (id, message_type_id, data_element_id, mandatory, comments, updated_at) VALUES (36, 1, 36, false, NULL, '2017-07-26 09:42:44.676896-04');
INSERT INTO message_element_mappings (id, message_type_id, data_element_id, mandatory, comments, updated_at) VALUES (37, 1, 37, false, NULL, '2017-07-26 09:42:44.676896-04');
INSERT INTO message_element_mappings (id, message_type_id, data_element_id, mandatory, comments, updated_at) VALUES (38, 1, 38, false, NULL, '2017-07-26 09:42:44.676896-04');
INSERT INTO message_element_mappings (id, message_type_id, data_element_id, mandatory, comments, updated_at) VALUES (46, 1, 46, false, NULL, '2017-07-26 09:42:44.676896-04');
INSERT INTO message_element_mappings (id, message_type_id, data_element_id, mandatory, comments, updated_at) VALUES (47, 1, 47, false, NULL, '2017-07-26 09:42:44.676896-04');
INSERT INTO message_element_mappings (id, message_type_id, data_element_id, mandatory, comments, updated_at) VALUES (48, 1, 48, false, NULL, '2017-07-26 09:42:44.676896-04');
INSERT INTO message_element_mappings (id, message_type_id, data_element_id, mandatory, comments, updated_at) VALUES (49, 1, 49, false, NULL, '2017-07-26 09:42:44.676896-04');
INSERT INTO message_element_mappings (id, message_type_id, data_element_id, mandatory, comments, updated_at) VALUES (50, 1, 50, false, NULL, '2017-07-26 09:42:44.676896-04');
INSERT INTO message_element_mappings (id, message_type_id, data_element_id, mandatory, comments, updated_at) VALUES (51, 1, 51, false, NULL, '2017-07-26 09:42:44.676896-04');
INSERT INTO message_element_mappings (id, message_type_id, data_element_id, mandatory, comments, updated_at) VALUES (3, 1, 3, false, NULL, '2017-07-26 09:42:44.676896-04');
INSERT INTO message_element_mappings (id, message_type_id, data_element_id, mandatory, comments, updated_at) VALUES (372, 2, 184, false, NULL, '2017-07-26 09:42:44.676896-04');
INSERT INTO message_element_mappings (id, message_type_id, data_element_id, mandatory, comments, updated_at) VALUES (373, 2, 185, false, NULL, '2017-07-26 09:42:44.676896-04');
INSERT INTO message_element_mappings (id, message_type_id, data_element_id, mandatory, comments, updated_at) VALUES (381, 3, 5, false, NULL, '2017-07-26 09:42:44.676896-04');
INSERT INTO message_element_mappings (id, message_type_id, data_element_id, mandatory, comments, updated_at) VALUES (382, 3, 6, false, NULL, '2017-07-26 09:42:44.676896-04');
INSERT INTO message_element_mappings (id, message_type_id, data_element_id, mandatory, comments, updated_at) VALUES (390, 3, 14, false, NULL, '2017-07-26 09:42:44.676896-04');
INSERT INTO message_element_mappings (id, message_type_id, data_element_id, mandatory, comments, updated_at) VALUES (391, 3, 15, false, NULL, '2017-07-26 09:42:44.676896-04');
INSERT INTO message_element_mappings (id, message_type_id, data_element_id, mandatory, comments, updated_at) VALUES (392, 3, 16, false, NULL, '2017-07-26 09:42:44.676896-04');
INSERT INTO message_element_mappings (id, message_type_id, data_element_id, mandatory, comments, updated_at) VALUES (393, 3, 17, false, NULL, '2017-07-26 09:42:44.676896-04');
INSERT INTO message_element_mappings (id, message_type_id, data_element_id, mandatory, comments, updated_at) VALUES (394, 3, 18, false, NULL, '2017-07-26 09:42:44.676896-04');
INSERT INTO message_element_mappings (id, message_type_id, data_element_id, mandatory, comments, updated_at) VALUES (395, 3, 19, false, NULL, '2017-07-26 09:42:44.676896-04');
INSERT INTO message_element_mappings (id, message_type_id, data_element_id, mandatory, comments, updated_at) VALUES (396, 3, 20, false, NULL, '2017-07-26 09:42:44.676896-04');
INSERT INTO message_element_mappings (id, message_type_id, data_element_id, mandatory, comments, updated_at) VALUES (397, 3, 21, false, NULL, '2017-07-26 09:42:44.676896-04');
INSERT INTO message_element_mappings (id, message_type_id, data_element_id, mandatory, comments, updated_at) VALUES (398, 3, 22, false, NULL, '2017-07-26 09:42:44.676896-04');
INSERT INTO message_element_mappings (id, message_type_id, data_element_id, mandatory, comments, updated_at) VALUES (399, 3, 23, false, NULL, '2017-07-26 09:42:44.676896-04');
INSERT INTO message_element_mappings (id, message_type_id, data_element_id, mandatory, comments, updated_at) VALUES (400, 3, 24, false, NULL, '2017-07-26 09:42:44.676896-04');
INSERT INTO message_element_mappings (id, message_type_id, data_element_id, mandatory, comments, updated_at) VALUES (401, 3, 25, false, NULL, '2017-07-26 09:42:44.676896-04');
INSERT INTO message_element_mappings (id, message_type_id, data_element_id, mandatory, comments, updated_at) VALUES (402, 3, 26, false, NULL, '2017-07-26 09:42:44.676896-04');
INSERT INTO message_element_mappings (id, message_type_id, data_element_id, mandatory, comments, updated_at) VALUES (403, 3, 27, false, NULL, '2017-07-26 09:42:44.676896-04');
INSERT INTO message_element_mappings (id, message_type_id, data_element_id, mandatory, comments, updated_at) VALUES (404, 3, 28, false, NULL, '2017-07-26 09:42:44.676896-04');
INSERT INTO message_element_mappings (id, message_type_id, data_element_id, mandatory, comments, updated_at) VALUES (446, 3, 70, false, NULL, '2017-07-26 09:42:44.676896-04');
INSERT INTO message_element_mappings (id, message_type_id, data_element_id, mandatory, comments, updated_at) VALUES (447, 3, 71, false, NULL, '2017-07-26 09:42:44.676896-04');
INSERT INTO message_element_mappings (id, message_type_id, data_element_id, mandatory, comments, updated_at) VALUES (448, 3, 72, false, NULL, '2017-07-26 09:42:44.676896-04');
INSERT INTO message_element_mappings (id, message_type_id, data_element_id, mandatory, comments, updated_at) VALUES (449, 3, 73, false, NULL, '2017-07-26 09:42:44.676896-04');
INSERT INTO message_element_mappings (id, message_type_id, data_element_id, mandatory, comments, updated_at) VALUES (450, 3, 74, false, NULL, '2017-07-26 09:42:44.676896-04');
INSERT INTO message_element_mappings (id, message_type_id, data_element_id, mandatory, comments, updated_at) VALUES (451, 3, 75, false, NULL, '2017-07-26 09:42:44.676896-04');
INSERT INTO message_element_mappings (id, message_type_id, data_element_id, mandatory, comments, updated_at) VALUES (452, 3, 76, false, NULL, '2017-07-26 09:42:44.676896-04');
INSERT INTO message_element_mappings (id, message_type_id, data_element_id, mandatory, comments, updated_at) VALUES (453, 3, 77, false, NULL, '2017-07-26 09:42:44.676896-04');
INSERT INTO message_element_mappings (id, message_type_id, data_element_id, mandatory, comments, updated_at) VALUES (245, 2, 57, false, NULL, '2017-07-26 09:42:44.676896-04');
INSERT INTO message_element_mappings (id, message_type_id, data_element_id, mandatory, comments, updated_at) VALUES (246, 2, 58, false, NULL, '2017-07-26 09:42:44.676896-04');
INSERT INTO message_element_mappings (id, message_type_id, data_element_id, mandatory, comments, updated_at) VALUES (247, 2, 59, false, NULL, '2017-07-26 09:42:44.676896-04');
INSERT INTO message_element_mappings (id, message_type_id, data_element_id, mandatory, comments, updated_at) VALUES (248, 2, 60, false, NULL, '2017-07-26 09:42:44.676896-04');
INSERT INTO message_element_mappings (id, message_type_id, data_element_id, mandatory, comments, updated_at) VALUES (249, 2, 61, false, NULL, '2017-07-26 09:42:44.676896-04');
INSERT INTO message_element_mappings (id, message_type_id, data_element_id, mandatory, comments, updated_at) VALUES (250, 2, 62, false, NULL, '2017-07-26 09:42:44.676896-04');
INSERT INTO message_element_mappings (id, message_type_id, data_element_id, mandatory, comments, updated_at) VALUES (251, 2, 63, false, NULL, '2017-07-26 09:42:44.676896-04');
INSERT INTO message_element_mappings (id, message_type_id, data_element_id, mandatory, comments, updated_at) VALUES (252, 2, 64, false, NULL, '2017-07-26 09:42:44.676896-04');
INSERT INTO message_element_mappings (id, message_type_id, data_element_id, mandatory, comments, updated_at) VALUES (253, 2, 65, false, NULL, '2017-07-26 09:42:44.676896-04');
INSERT INTO message_element_mappings (id, message_type_id, data_element_id, mandatory, comments, updated_at) VALUES (254, 2, 66, false, NULL, '2017-07-26 09:42:44.676896-04');
INSERT INTO message_element_mappings (id, message_type_id, data_element_id, mandatory, comments, updated_at) VALUES (255, 2, 67, false, NULL, '2017-07-26 09:42:44.676896-04');
INSERT INTO message_element_mappings (id, message_type_id, data_element_id, mandatory, comments, updated_at) VALUES (256, 2, 68, false, NULL, '2017-07-26 09:42:44.676896-04');
INSERT INTO message_element_mappings (id, message_type_id, data_element_id, mandatory, comments, updated_at) VALUES (257, 2, 69, false, NULL, '2017-07-26 09:42:44.676896-04');
INSERT INTO message_element_mappings (id, message_type_id, data_element_id, mandatory, comments, updated_at) VALUES (258, 2, 70, false, NULL, '2017-07-26 09:42:44.676896-04');
INSERT INTO message_element_mappings (id, message_type_id, data_element_id, mandatory, comments, updated_at) VALUES (259, 2, 71, false, NULL, '2017-07-26 09:42:44.676896-04');
INSERT INTO message_element_mappings (id, message_type_id, data_element_id, mandatory, comments, updated_at) VALUES (260, 2, 72, false, NULL, '2017-07-26 09:42:44.676896-04');
INSERT INTO message_element_mappings (id, message_type_id, data_element_id, mandatory, comments, updated_at) VALUES (261, 2, 73, false, NULL, '2017-07-26 09:42:44.676896-04');
INSERT INTO message_element_mappings (id, message_type_id, data_element_id, mandatory, comments, updated_at) VALUES (262, 2, 74, false, NULL, '2017-07-26 09:42:44.676896-04');
INSERT INTO message_element_mappings (id, message_type_id, data_element_id, mandatory, comments, updated_at) VALUES (263, 2, 75, false, NULL, '2017-07-26 09:42:44.676896-04');
INSERT INTO message_element_mappings (id, message_type_id, data_element_id, mandatory, comments, updated_at) VALUES (264, 2, 76, false, NULL, '2017-07-26 09:42:44.676896-04');
INSERT INTO message_element_mappings (id, message_type_id, data_element_id, mandatory, comments, updated_at) VALUES (265, 2, 77, false, NULL, '2017-07-26 09:42:44.676896-04');
INSERT INTO message_element_mappings (id, message_type_id, data_element_id, mandatory, comments, updated_at) VALUES (266, 2, 78, false, NULL, '2017-07-26 09:42:44.676896-04');
INSERT INTO message_element_mappings (id, message_type_id, data_element_id, mandatory, comments, updated_at) VALUES (267, 2, 79, false, NULL, '2017-07-26 09:42:44.676896-04');
INSERT INTO message_element_mappings (id, message_type_id, data_element_id, mandatory, comments, updated_at) VALUES (268, 2, 80, false, NULL, '2017-07-26 09:42:44.676896-04');
INSERT INTO message_element_mappings (id, message_type_id, data_element_id, mandatory, comments, updated_at) VALUES (269, 2, 81, false, NULL, '2017-07-26 09:42:44.676896-04');
INSERT INTO message_element_mappings (id, message_type_id, data_element_id, mandatory, comments, updated_at) VALUES (270, 2, 82, false, NULL, '2017-07-26 09:42:44.676896-04');
INSERT INTO message_element_mappings (id, message_type_id, data_element_id, mandatory, comments, updated_at) VALUES (271, 2, 83, false, NULL, '2017-07-26 09:42:44.676896-04');
INSERT INTO message_element_mappings (id, message_type_id, data_element_id, mandatory, comments, updated_at) VALUES (272, 2, 84, false, NULL, '2017-07-26 09:42:44.676896-04');
INSERT INTO message_element_mappings (id, message_type_id, data_element_id, mandatory, comments, updated_at) VALUES (273, 2, 85, false, NULL, '2017-07-26 09:42:44.676896-04');
INSERT INTO message_element_mappings (id, message_type_id, data_element_id, mandatory, comments, updated_at) VALUES (274, 2, 86, false, NULL, '2017-07-26 09:42:44.676896-04');
INSERT INTO message_element_mappings (id, message_type_id, data_element_id, mandatory, comments, updated_at) VALUES (275, 2, 87, false, NULL, '2017-07-26 09:42:44.676896-04');
INSERT INTO message_element_mappings (id, message_type_id, data_element_id, mandatory, comments, updated_at) VALUES (276, 2, 88, false, NULL, '2017-07-26 09:42:44.676896-04');
INSERT INTO message_element_mappings (id, message_type_id, data_element_id, mandatory, comments, updated_at) VALUES (277, 2, 89, false, NULL, '2017-07-26 09:42:44.676896-04');
INSERT INTO message_element_mappings (id, message_type_id, data_element_id, mandatory, comments, updated_at) VALUES (278, 2, 90, false, NULL, '2017-07-26 09:42:44.676896-04');
INSERT INTO message_element_mappings (id, message_type_id, data_element_id, mandatory, comments, updated_at) VALUES (279, 2, 91, false, NULL, '2017-07-26 09:42:44.676896-04');
INSERT INTO message_element_mappings (id, message_type_id, data_element_id, mandatory, comments, updated_at) VALUES (280, 2, 92, false, NULL, '2017-07-26 09:42:44.676896-04');
INSERT INTO message_element_mappings (id, message_type_id, data_element_id, mandatory, comments, updated_at) VALUES (281, 2, 93, false, NULL, '2017-07-26 09:42:44.676896-04');
INSERT INTO message_element_mappings (id, message_type_id, data_element_id, mandatory, comments, updated_at) VALUES (282, 2, 94, false, NULL, '2017-07-26 09:42:44.676896-04');
INSERT INTO message_element_mappings (id, message_type_id, data_element_id, mandatory, comments, updated_at) VALUES (283, 2, 95, false, NULL, '2017-07-26 09:42:44.676896-04');
INSERT INTO message_element_mappings (id, message_type_id, data_element_id, mandatory, comments, updated_at) VALUES (284, 2, 96, false, NULL, '2017-07-26 09:42:44.676896-04');
INSERT INTO message_element_mappings (id, message_type_id, data_element_id, mandatory, comments, updated_at) VALUES (285, 2, 97, false, NULL, '2017-07-26 09:42:44.676896-04');
INSERT INTO message_element_mappings (id, message_type_id, data_element_id, mandatory, comments, updated_at) VALUES (286, 2, 98, false, NULL, '2017-07-26 09:42:44.676896-04');
INSERT INTO message_element_mappings (id, message_type_id, data_element_id, mandatory, comments, updated_at) VALUES (287, 2, 99, false, NULL, '2017-07-26 09:42:44.676896-04');
INSERT INTO message_element_mappings (id, message_type_id, data_element_id, mandatory, comments, updated_at) VALUES (288, 2, 100, false, NULL, '2017-07-26 09:42:44.676896-04');
INSERT INTO message_element_mappings (id, message_type_id, data_element_id, mandatory, comments, updated_at) VALUES (4, 1, 4, false, NULL, '2017-07-26 09:42:44.676896-04');
INSERT INTO message_element_mappings (id, message_type_id, data_element_id, mandatory, comments, updated_at) VALUES (569, 4, 5, false, NULL, '2017-07-26 09:42:44.676896-04');
INSERT INTO message_element_mappings (id, message_type_id, data_element_id, mandatory, comments, updated_at) VALUES (570, 4, 6, false, NULL, '2017-07-26 09:42:44.676896-04');
INSERT INTO message_element_mappings (id, message_type_id, data_element_id, mandatory, comments, updated_at) VALUES (660, 4, 96, false, NULL, '2017-07-26 09:42:44.676896-04');
INSERT INTO message_element_mappings (id, message_type_id, data_element_id, mandatory, comments, updated_at) VALUES (661, 4, 97, false, NULL, '2017-07-26 09:42:44.676896-04');
INSERT INTO message_element_mappings (id, message_type_id, data_element_id, mandatory, comments, updated_at) VALUES (662, 4, 98, false, NULL, '2017-07-26 09:42:44.676896-04');
INSERT INTO message_element_mappings (id, message_type_id, data_element_id, mandatory, comments, updated_at) VALUES (663, 4, 99, false, NULL, '2017-07-26 09:42:44.676896-04');
INSERT INTO message_element_mappings (id, message_type_id, data_element_id, mandatory, comments, updated_at) VALUES (664, 4, 100, false, NULL, '2017-07-26 09:42:44.676896-04');
INSERT INTO message_element_mappings (id, message_type_id, data_element_id, mandatory, comments, updated_at) VALUES (665, 4, 101, false, NULL, '2017-07-26 09:42:44.676896-04');
INSERT INTO message_element_mappings (id, message_type_id, data_element_id, mandatory, comments, updated_at) VALUES (666, 4, 102, false, NULL, '2017-07-26 09:42:44.676896-04');
INSERT INTO message_element_mappings (id, message_type_id, data_element_id, mandatory, comments, updated_at) VALUES (667, 4, 103, false, NULL, '2017-07-26 09:42:44.676896-04');
INSERT INTO message_element_mappings (id, message_type_id, data_element_id, mandatory, comments, updated_at) VALUES (668, 4, 104, false, NULL, '2017-07-26 09:42:44.676896-04');
INSERT INTO message_element_mappings (id, message_type_id, data_element_id, mandatory, comments, updated_at) VALUES (669, 4, 105, false, NULL, '2017-07-26 09:42:44.676896-04');
INSERT INTO message_element_mappings (id, message_type_id, data_element_id, mandatory, comments, updated_at) VALUES (670, 4, 106, false, NULL, '2017-07-26 09:42:44.676896-04');
INSERT INTO message_element_mappings (id, message_type_id, data_element_id, mandatory, comments, updated_at) VALUES (671, 4, 107, false, NULL, '2017-07-26 09:42:44.676896-04');
INSERT INTO message_element_mappings (id, message_type_id, data_element_id, mandatory, comments, updated_at) VALUES (672, 4, 108, false, NULL, '2017-07-26 09:42:44.676896-04');
INSERT INTO message_element_mappings (id, message_type_id, data_element_id, mandatory, comments, updated_at) VALUES (673, 4, 109, false, NULL, '2017-07-26 09:42:44.676896-04');
INSERT INTO message_element_mappings (id, message_type_id, data_element_id, mandatory, comments, updated_at) VALUES (674, 4, 110, false, NULL, '2017-07-26 09:42:44.676896-04');
INSERT INTO message_element_mappings (id, message_type_id, data_element_id, mandatory, comments, updated_at) VALUES (675, 4, 111, false, NULL, '2017-07-26 09:42:44.676896-04');
INSERT INTO message_element_mappings (id, message_type_id, data_element_id, mandatory, comments, updated_at) VALUES (676, 4, 112, false, NULL, '2017-07-26 09:42:44.676896-04');
INSERT INTO message_element_mappings (id, message_type_id, data_element_id, mandatory, comments, updated_at) VALUES (677, 4, 113, false, NULL, '2017-07-26 09:42:44.676896-04');
INSERT INTO message_element_mappings (id, message_type_id, data_element_id, mandatory, comments, updated_at) VALUES (678, 4, 114, false, NULL, '2017-07-26 09:42:44.676896-04');
INSERT INTO message_element_mappings (id, message_type_id, data_element_id, mandatory, comments, updated_at) VALUES (679, 4, 115, false, NULL, '2017-07-26 09:42:44.676896-04');
INSERT INTO message_element_mappings (id, message_type_id, data_element_id, mandatory, comments, updated_at) VALUES (680, 4, 116, false, NULL, '2017-07-26 09:42:44.676896-04');
INSERT INTO message_element_mappings (id, message_type_id, data_element_id, mandatory, comments, updated_at) VALUES (681, 4, 117, false, NULL, '2017-07-26 09:42:44.676896-04');
INSERT INTO message_element_mappings (id, message_type_id, data_element_id, mandatory, comments, updated_at) VALUES (682, 4, 118, false, NULL, '2017-07-26 09:42:44.676896-04');
INSERT INTO message_element_mappings (id, message_type_id, data_element_id, mandatory, comments, updated_at) VALUES (683, 4, 119, false, NULL, '2017-07-26 09:42:44.676896-04');
INSERT INTO message_element_mappings (id, message_type_id, data_element_id, mandatory, comments, updated_at) VALUES (734, 4, 170, false, NULL, '2017-07-26 09:42:44.676896-04');
INSERT INTO message_element_mappings (id, message_type_id, data_element_id, mandatory, comments, updated_at) VALUES (735, 4, 171, false, NULL, '2017-07-26 09:42:44.676896-04');
INSERT INTO message_element_mappings (id, message_type_id, data_element_id, mandatory, comments, updated_at) VALUES (757, 5, 5, false, NULL, '2017-07-26 09:42:44.676896-04');
INSERT INTO message_element_mappings (id, message_type_id, data_element_id, mandatory, comments, updated_at) VALUES (289, 2, 101, false, NULL, '2017-07-26 09:42:44.676896-04');
INSERT INTO message_element_mappings (id, message_type_id, data_element_id, mandatory, comments, updated_at) VALUES (290, 2, 102, false, NULL, '2017-07-26 09:42:44.676896-04');
INSERT INTO message_element_mappings (id, message_type_id, data_element_id, mandatory, comments, updated_at) VALUES (291, 2, 103, false, NULL, '2017-07-26 09:42:44.676896-04');
INSERT INTO message_element_mappings (id, message_type_id, data_element_id, mandatory, comments, updated_at) VALUES (292, 2, 104, false, NULL, '2017-07-26 09:42:44.676896-04');
INSERT INTO message_element_mappings (id, message_type_id, data_element_id, mandatory, comments, updated_at) VALUES (293, 2, 105, false, NULL, '2017-07-26 09:42:44.676896-04');
INSERT INTO message_element_mappings (id, message_type_id, data_element_id, mandatory, comments, updated_at) VALUES (314, 2, 126, false, NULL, '2017-07-26 09:42:44.676896-04');
INSERT INTO message_element_mappings (id, message_type_id, data_element_id, mandatory, comments, updated_at) VALUES (315, 2, 127, false, NULL, '2017-07-26 09:42:44.676896-04');
INSERT INTO message_element_mappings (id, message_type_id, data_element_id, mandatory, comments, updated_at) VALUES (316, 2, 128, false, NULL, '2017-07-26 09:42:44.676896-04');
INSERT INTO message_element_mappings (id, message_type_id, data_element_id, mandatory, comments, updated_at) VALUES (317, 2, 129, false, NULL, '2017-07-26 09:42:44.676896-04');
INSERT INTO message_element_mappings (id, message_type_id, data_element_id, mandatory, comments, updated_at) VALUES (318, 2, 130, false, NULL, '2017-07-26 09:42:44.676896-04');
INSERT INTO message_element_mappings (id, message_type_id, data_element_id, mandatory, comments, updated_at) VALUES (319, 2, 131, false, NULL, '2017-07-26 09:42:44.676896-04');
INSERT INTO message_element_mappings (id, message_type_id, data_element_id, mandatory, comments, updated_at) VALUES (320, 2, 132, false, NULL, '2017-07-26 09:42:44.676896-04');
INSERT INTO message_element_mappings (id, message_type_id, data_element_id, mandatory, comments, updated_at) VALUES (321, 2, 133, false, NULL, '2017-07-26 09:42:44.676896-04');
INSERT INTO message_element_mappings (id, message_type_id, data_element_id, mandatory, comments, updated_at) VALUES (322, 2, 134, false, NULL, '2017-07-26 09:42:44.676896-04');
INSERT INTO message_element_mappings (id, message_type_id, data_element_id, mandatory, comments, updated_at) VALUES (5, 1, 5, false, NULL, '2017-07-26 09:42:44.676896-04');
INSERT INTO message_element_mappings (id, message_type_id, data_element_id, mandatory, comments, updated_at) VALUES (6, 1, 6, false, NULL, '2017-07-26 09:42:44.676896-04');
INSERT INTO message_element_mappings (id, message_type_id, data_element_id, mandatory, comments, updated_at) VALUES (323, 2, 135, false, NULL, '2017-07-26 09:42:44.676896-04');
INSERT INTO message_element_mappings (id, message_type_id, data_element_id, mandatory, comments, updated_at) VALUES (324, 2, 136, false, NULL, '2017-07-26 09:42:44.676896-04');
INSERT INTO message_element_mappings (id, message_type_id, data_element_id, mandatory, comments, updated_at) VALUES (326, 2, 138, false, NULL, '2017-07-26 09:42:44.676896-04');
INSERT INTO message_element_mappings (id, message_type_id, data_element_id, mandatory, comments, updated_at) VALUES (327, 2, 139, false, NULL, '2017-07-26 09:42:44.676896-04');
INSERT INTO message_element_mappings (id, message_type_id, data_element_id, mandatory, comments, updated_at) VALUES (328, 2, 140, false, NULL, '2017-07-26 09:42:44.676896-04');
INSERT INTO message_element_mappings (id, message_type_id, data_element_id, mandatory, comments, updated_at) VALUES (329, 2, 141, false, NULL, '2017-07-26 09:42:44.676896-04');
INSERT INTO message_element_mappings (id, message_type_id, data_element_id, mandatory, comments, updated_at) VALUES (330, 2, 142, false, NULL, '2017-07-26 09:42:44.676896-04');
INSERT INTO message_element_mappings (id, message_type_id, data_element_id, mandatory, comments, updated_at) VALUES (331, 2, 143, false, NULL, '2017-07-26 09:42:44.676896-04');
INSERT INTO message_element_mappings (id, message_type_id, data_element_id, mandatory, comments, updated_at) VALUES (332, 2, 144, false, NULL, '2017-07-26 09:42:44.676896-04');
INSERT INTO message_element_mappings (id, message_type_id, data_element_id, mandatory, comments, updated_at) VALUES (333, 2, 145, false, NULL, '2017-07-26 09:42:44.676896-04');
INSERT INTO message_element_mappings (id, message_type_id, data_element_id, mandatory, comments, updated_at) VALUES (334, 2, 146, false, NULL, '2017-07-26 09:42:44.676896-04');
INSERT INTO message_element_mappings (id, message_type_id, data_element_id, mandatory, comments, updated_at) VALUES (335, 2, 147, false, NULL, '2017-07-26 09:42:44.676896-04');
INSERT INTO message_element_mappings (id, message_type_id, data_element_id, mandatory, comments, updated_at) VALUES (336, 2, 148, false, NULL, '2017-07-26 09:42:44.676896-04');
INSERT INTO message_element_mappings (id, message_type_id, data_element_id, mandatory, comments, updated_at) VALUES (337, 2, 149, false, NULL, '2017-07-26 09:42:44.676896-04');
INSERT INTO message_element_mappings (id, message_type_id, data_element_id, mandatory, comments, updated_at) VALUES (338, 2, 150, false, NULL, '2017-07-26 09:42:44.676896-04');
INSERT INTO message_element_mappings (id, message_type_id, data_element_id, mandatory, comments, updated_at) VALUES (339, 2, 151, false, NULL, '2017-07-26 09:42:44.676896-04');
INSERT INTO message_element_mappings (id, message_type_id, data_element_id, mandatory, comments, updated_at) VALUES (340, 2, 152, false, NULL, '2017-07-26 09:42:44.676896-04');
INSERT INTO message_element_mappings (id, message_type_id, data_element_id, mandatory, comments, updated_at) VALUES (341, 2, 153, false, NULL, '2017-07-26 09:42:44.676896-04');
INSERT INTO message_element_mappings (id, message_type_id, data_element_id, mandatory, comments, updated_at) VALUES (342, 2, 154, false, NULL, '2017-07-26 09:42:44.676896-04');
INSERT INTO message_element_mappings (id, message_type_id, data_element_id, mandatory, comments, updated_at) VALUES (343, 2, 155, false, NULL, '2017-07-26 09:42:44.676896-04');
INSERT INTO message_element_mappings (id, message_type_id, data_element_id, mandatory, comments, updated_at) VALUES (349, 2, 161, false, NULL, '2017-07-26 09:42:44.676896-04');
INSERT INTO message_element_mappings (id, message_type_id, data_element_id, mandatory, comments, updated_at) VALUES (350, 2, 162, false, NULL, '2017-07-26 09:42:44.676896-04');
INSERT INTO message_element_mappings (id, message_type_id, data_element_id, mandatory, comments, updated_at) VALUES (351, 2, 163, false, NULL, '2017-07-26 09:42:44.676896-04');
INSERT INTO message_element_mappings (id, message_type_id, data_element_id, mandatory, comments, updated_at) VALUES (352, 2, 164, false, NULL, '2017-07-26 09:42:44.676896-04');
INSERT INTO message_element_mappings (id, message_type_id, data_element_id, mandatory, comments, updated_at) VALUES (353, 2, 165, false, NULL, '2017-07-26 09:42:44.676896-04');
INSERT INTO message_element_mappings (id, message_type_id, data_element_id, mandatory, comments, updated_at) VALUES (354, 2, 166, false, NULL, '2017-07-26 09:42:44.676896-04');
INSERT INTO message_element_mappings (id, message_type_id, data_element_id, mandatory, comments, updated_at) VALUES (355, 2, 167, false, NULL, '2017-07-26 09:42:44.676896-04');
INSERT INTO message_element_mappings (id, message_type_id, data_element_id, mandatory, comments, updated_at) VALUES (356, 2, 168, false, NULL, '2017-07-26 09:42:44.676896-04');
INSERT INTO message_element_mappings (id, message_type_id, data_element_id, mandatory, comments, updated_at) VALUES (357, 2, 169, false, NULL, '2017-07-26 09:42:44.676896-04');
INSERT INTO message_element_mappings (id, message_type_id, data_element_id, mandatory, comments, updated_at) VALUES (358, 2, 170, false, NULL, '2017-07-26 09:42:44.676896-04');
INSERT INTO message_element_mappings (id, message_type_id, data_element_id, mandatory, comments, updated_at) VALUES (359, 2, 171, false, NULL, '2017-07-26 09:42:44.676896-04');
INSERT INTO message_element_mappings (id, message_type_id, data_element_id, mandatory, comments, updated_at) VALUES (360, 2, 172, false, NULL, '2017-07-26 09:42:44.676896-04');
INSERT INTO message_element_mappings (id, message_type_id, data_element_id, mandatory, comments, updated_at) VALUES (361, 2, 173, false, NULL, '2017-07-26 09:42:44.676896-04');
INSERT INTO message_element_mappings (id, message_type_id, data_element_id, mandatory, comments, updated_at) VALUES (362, 2, 174, false, NULL, '2017-07-26 09:42:44.676896-04');
INSERT INTO message_element_mappings (id, message_type_id, data_element_id, mandatory, comments, updated_at) VALUES (364, 2, 176, false, NULL, '2017-07-26 09:42:44.676896-04');
INSERT INTO message_element_mappings (id, message_type_id, data_element_id, mandatory, comments, updated_at) VALUES (367, 2, 179, false, NULL, '2017-07-26 09:42:44.676896-04');
INSERT INTO message_element_mappings (id, message_type_id, data_element_id, mandatory, comments, updated_at) VALUES (368, 2, 180, false, NULL, '2017-07-26 09:42:44.676896-04');
INSERT INTO message_element_mappings (id, message_type_id, data_element_id, mandatory, comments, updated_at) VALUES (369, 2, 181, false, NULL, '2017-07-26 09:42:44.676896-04');
INSERT INTO message_element_mappings (id, message_type_id, data_element_id, mandatory, comments, updated_at) VALUES (371, 2, 183, false, NULL, '2017-07-26 09:42:44.676896-04');
INSERT INTO message_element_mappings (id, message_type_id, data_element_id, mandatory, comments, updated_at) VALUES (454, 3, 78, false, NULL, '2017-07-26 09:42:44.676896-04');
INSERT INTO message_element_mappings (id, message_type_id, data_element_id, mandatory, comments, updated_at) VALUES (455, 3, 79, false, NULL, '2017-07-26 09:42:44.676896-04');
INSERT INTO message_element_mappings (id, message_type_id, data_element_id, mandatory, comments, updated_at) VALUES (456, 3, 80, false, NULL, '2017-07-26 09:42:44.676896-04');
INSERT INTO message_element_mappings (id, message_type_id, data_element_id, mandatory, comments, updated_at) VALUES (457, 3, 81, false, NULL, '2017-07-26 09:42:44.676896-04');
INSERT INTO message_element_mappings (id, message_type_id, data_element_id, mandatory, comments, updated_at) VALUES (458, 3, 82, false, NULL, '2017-07-26 09:42:44.676896-04');
INSERT INTO message_element_mappings (id, message_type_id, data_element_id, mandatory, comments, updated_at) VALUES (459, 3, 83, false, NULL, '2017-07-26 09:42:44.676896-04');
INSERT INTO message_element_mappings (id, message_type_id, data_element_id, mandatory, comments, updated_at) VALUES (460, 3, 84, false, NULL, '2017-07-26 09:42:44.676896-04');
INSERT INTO message_element_mappings (id, message_type_id, data_element_id, mandatory, comments, updated_at) VALUES (461, 3, 85, false, NULL, '2017-07-26 09:42:44.676896-04');
INSERT INTO message_element_mappings (id, message_type_id, data_element_id, mandatory, comments, updated_at) VALUES (462, 3, 86, false, NULL, '2017-07-26 09:42:44.676896-04');
INSERT INTO message_element_mappings (id, message_type_id, data_element_id, mandatory, comments, updated_at) VALUES (463, 3, 87, false, NULL, '2017-07-26 09:42:44.676896-04');
INSERT INTO message_element_mappings (id, message_type_id, data_element_id, mandatory, comments, updated_at) VALUES (464, 3, 88, false, NULL, '2017-07-26 09:42:44.676896-04');
INSERT INTO message_element_mappings (id, message_type_id, data_element_id, mandatory, comments, updated_at) VALUES (465, 3, 89, false, NULL, '2017-07-26 09:42:44.676896-04');
INSERT INTO message_element_mappings (id, message_type_id, data_element_id, mandatory, comments, updated_at) VALUES (466, 3, 90, false, NULL, '2017-07-26 09:42:44.676896-04');
INSERT INTO message_element_mappings (id, message_type_id, data_element_id, mandatory, comments, updated_at) VALUES (467, 3, 91, false, NULL, '2017-07-26 09:42:44.676896-04');
INSERT INTO message_element_mappings (id, message_type_id, data_element_id, mandatory, comments, updated_at) VALUES (468, 3, 92, false, NULL, '2017-07-26 09:42:44.676896-04');
INSERT INTO message_element_mappings (id, message_type_id, data_element_id, mandatory, comments, updated_at) VALUES (469, 3, 93, false, NULL, '2017-07-26 09:42:44.676896-04');
INSERT INTO message_element_mappings (id, message_type_id, data_element_id, mandatory, comments, updated_at) VALUES (470, 3, 94, false, NULL, '2017-07-26 09:42:44.676896-04');
INSERT INTO message_element_mappings (id, message_type_id, data_element_id, mandatory, comments, updated_at) VALUES (471, 3, 95, false, NULL, '2017-07-26 09:42:44.676896-04');
INSERT INTO message_element_mappings (id, message_type_id, data_element_id, mandatory, comments, updated_at) VALUES (500, 3, 124, false, NULL, '2017-07-26 09:42:44.676896-04');
INSERT INTO message_element_mappings (id, message_type_id, data_element_id, mandatory, comments, updated_at) VALUES (501, 3, 125, false, NULL, '2017-07-26 09:42:44.676896-04');
INSERT INTO message_element_mappings (id, message_type_id, data_element_id, mandatory, comments, updated_at) VALUES (502, 3, 126, false, NULL, '2017-07-26 09:42:44.676896-04');
INSERT INTO message_element_mappings (id, message_type_id, data_element_id, mandatory, comments, updated_at) VALUES (503, 3, 127, false, NULL, '2017-07-26 09:42:44.676896-04');
INSERT INTO message_element_mappings (id, message_type_id, data_element_id, mandatory, comments, updated_at) VALUES (504, 3, 128, false, NULL, '2017-07-26 09:42:44.676896-04');
INSERT INTO message_element_mappings (id, message_type_id, data_element_id, mandatory, comments, updated_at) VALUES (505, 3, 129, false, NULL, '2017-07-26 09:42:44.676896-04');
INSERT INTO message_element_mappings (id, message_type_id, data_element_id, mandatory, comments, updated_at) VALUES (506, 3, 130, false, NULL, '2017-07-26 09:42:44.676896-04');
INSERT INTO message_element_mappings (id, message_type_id, data_element_id, mandatory, comments, updated_at) VALUES (507, 3, 131, false, NULL, '2017-07-26 09:42:44.676896-04');
INSERT INTO message_element_mappings (id, message_type_id, data_element_id, mandatory, comments, updated_at) VALUES (508, 3, 132, false, NULL, '2017-07-26 09:42:44.676896-04');
INSERT INTO message_element_mappings (id, message_type_id, data_element_id, mandatory, comments, updated_at) VALUES (509, 3, 133, false, NULL, '2017-07-26 09:42:44.676896-04');
INSERT INTO message_element_mappings (id, message_type_id, data_element_id, mandatory, comments, updated_at) VALUES (510, 3, 134, false, NULL, '2017-07-26 09:42:44.676896-04');
INSERT INTO message_element_mappings (id, message_type_id, data_element_id, mandatory, comments, updated_at) VALUES (511, 3, 135, false, NULL, '2017-07-26 09:42:44.676896-04');
INSERT INTO message_element_mappings (id, message_type_id, data_element_id, mandatory, comments, updated_at) VALUES (512, 3, 136, false, NULL, '2017-07-26 09:42:44.676896-04');
INSERT INTO message_element_mappings (id, message_type_id, data_element_id, mandatory, comments, updated_at) VALUES (514, 3, 138, false, NULL, '2017-07-26 09:42:44.676896-04');
INSERT INTO message_element_mappings (id, message_type_id, data_element_id, mandatory, comments, updated_at) VALUES (515, 3, 139, false, NULL, '2017-07-26 09:42:44.676896-04');
INSERT INTO message_element_mappings (id, message_type_id, data_element_id, mandatory, comments, updated_at) VALUES (516, 3, 140, false, NULL, '2017-07-26 09:42:44.676896-04');
INSERT INTO message_element_mappings (id, message_type_id, data_element_id, mandatory, comments, updated_at) VALUES (517, 3, 141, false, NULL, '2017-07-26 09:42:44.676896-04');
INSERT INTO message_element_mappings (id, message_type_id, data_element_id, mandatory, comments, updated_at) VALUES (518, 3, 142, false, NULL, '2017-07-26 09:42:44.676896-04');
INSERT INTO message_element_mappings (id, message_type_id, data_element_id, mandatory, comments, updated_at) VALUES (519, 3, 143, false, NULL, '2017-07-26 09:42:44.676896-04');
INSERT INTO message_element_mappings (id, message_type_id, data_element_id, mandatory, comments, updated_at) VALUES (520, 3, 144, false, NULL, '2017-07-26 09:42:44.676896-04');
INSERT INTO message_element_mappings (id, message_type_id, data_element_id, mandatory, comments, updated_at) VALUES (521, 3, 145, false, NULL, '2017-07-26 09:42:44.676896-04');
INSERT INTO message_element_mappings (id, message_type_id, data_element_id, mandatory, comments, updated_at) VALUES (522, 3, 146, false, NULL, '2017-07-26 09:42:44.676896-04');
INSERT INTO message_element_mappings (id, message_type_id, data_element_id, mandatory, comments, updated_at) VALUES (523, 3, 147, false, NULL, '2017-07-26 09:42:44.676896-04');
INSERT INTO message_element_mappings (id, message_type_id, data_element_id, mandatory, comments, updated_at) VALUES (524, 3, 148, false, NULL, '2017-07-26 09:42:44.676896-04');
INSERT INTO message_element_mappings (id, message_type_id, data_element_id, mandatory, comments, updated_at) VALUES (525, 3, 149, false, NULL, '2017-07-26 09:42:44.676896-04');
INSERT INTO message_element_mappings (id, message_type_id, data_element_id, mandatory, comments, updated_at) VALUES (526, 3, 150, false, NULL, '2017-07-26 09:42:44.676896-04');
INSERT INTO message_element_mappings (id, message_type_id, data_element_id, mandatory, comments, updated_at) VALUES (527, 3, 151, false, NULL, '2017-07-26 09:42:44.676896-04');
INSERT INTO message_element_mappings (id, message_type_id, data_element_id, mandatory, comments, updated_at) VALUES (528, 3, 152, false, NULL, '2017-07-26 09:42:44.676896-04');
INSERT INTO message_element_mappings (id, message_type_id, data_element_id, mandatory, comments, updated_at) VALUES (529, 3, 153, false, NULL, '2017-07-26 09:42:44.676896-04');
INSERT INTO message_element_mappings (id, message_type_id, data_element_id, mandatory, comments, updated_at) VALUES (530, 3, 154, false, NULL, '2017-07-26 09:42:44.676896-04');
INSERT INTO message_element_mappings (id, message_type_id, data_element_id, mandatory, comments, updated_at) VALUES (531, 3, 155, false, NULL, '2017-07-26 09:42:44.676896-04');
INSERT INTO message_element_mappings (id, message_type_id, data_element_id, mandatory, comments, updated_at) VALUES (537, 3, 161, false, NULL, '2017-07-26 09:42:44.676896-04');
INSERT INTO message_element_mappings (id, message_type_id, data_element_id, mandatory, comments, updated_at) VALUES (542, 3, 166, false, NULL, '2017-07-26 09:42:44.676896-04');
INSERT INTO message_element_mappings (id, message_type_id, data_element_id, mandatory, comments, updated_at) VALUES (543, 3, 167, false, NULL, '2017-07-26 09:42:44.676896-04');
INSERT INTO message_element_mappings (id, message_type_id, data_element_id, mandatory, comments, updated_at) VALUES (546, 3, 170, false, NULL, '2017-07-26 09:42:44.676896-04');
INSERT INTO message_element_mappings (id, message_type_id, data_element_id, mandatory, comments, updated_at) VALUES (547, 3, 171, false, NULL, '2017-07-26 09:42:44.676896-04');
INSERT INTO message_element_mappings (id, message_type_id, data_element_id, mandatory, comments, updated_at) VALUES (7, 1, 7, false, NULL, '2017-07-26 09:42:44.676896-04');
INSERT INTO message_element_mappings (id, message_type_id, data_element_id, mandatory, comments, updated_at) VALUES (8, 1, 8, false, NULL, '2017-07-26 09:42:44.676896-04');
INSERT INTO message_element_mappings (id, message_type_id, data_element_id, mandatory, comments, updated_at) VALUES (9, 1, 9, false, NULL, '2017-07-26 09:42:44.676896-04');
INSERT INTO message_element_mappings (id, message_type_id, data_element_id, mandatory, comments, updated_at) VALUES (10, 1, 10, false, NULL, '2017-07-26 09:42:44.676896-04');
INSERT INTO message_element_mappings (id, message_type_id, data_element_id, mandatory, comments, updated_at) VALUES (11, 1, 11, false, NULL, '2017-07-26 09:42:44.676896-04');
INSERT INTO message_element_mappings (id, message_type_id, data_element_id, mandatory, comments, updated_at) VALUES (12, 1, 12, false, NULL, '2017-07-26 09:42:44.676896-04');
INSERT INTO message_element_mappings (id, message_type_id, data_element_id, mandatory, comments, updated_at) VALUES (13, 1, 13, false, NULL, '2017-07-26 09:42:44.676896-04');
INSERT INTO message_element_mappings (id, message_type_id, data_element_id, mandatory, comments, updated_at) VALUES (14, 1, 14, false, NULL, '2017-07-26 09:42:44.676896-04');
INSERT INTO message_element_mappings (id, message_type_id, data_element_id, mandatory, comments, updated_at) VALUES (758, 5, 6, false, NULL, '2017-07-26 09:42:44.676896-04');
INSERT INTO message_element_mappings (id, message_type_id, data_element_id, mandatory, comments, updated_at) VALUES (776, 5, 24, false, NULL, '2017-07-26 09:42:44.676896-04');
INSERT INTO message_element_mappings (id, message_type_id, data_element_id, mandatory, comments, updated_at) VALUES (777, 5, 25, false, NULL, '2017-07-26 09:42:44.676896-04');
INSERT INTO message_element_mappings (id, message_type_id, data_element_id, mandatory, comments, updated_at) VALUES (778, 5, 26, false, NULL, '2017-07-26 09:42:44.676896-04');
INSERT INTO message_element_mappings (id, message_type_id, data_element_id, mandatory, comments, updated_at) VALUES (779, 5, 27, false, NULL, '2017-07-26 09:42:44.676896-04');
INSERT INTO message_element_mappings (id, message_type_id, data_element_id, mandatory, comments, updated_at) VALUES (780, 5, 28, false, NULL, '2017-07-26 09:42:44.676896-04');
INSERT INTO message_element_mappings (id, message_type_id, data_element_id, mandatory, comments, updated_at) VALUES (781, 5, 29, false, NULL, '2017-07-26 09:42:44.676896-04');
INSERT INTO message_element_mappings (id, message_type_id, data_element_id, mandatory, comments, updated_at) VALUES (782, 5, 30, false, NULL, '2017-07-26 09:42:44.676896-04');
INSERT INTO message_element_mappings (id, message_type_id, data_element_id, mandatory, comments, updated_at) VALUES (783, 5, 31, false, NULL, '2017-07-26 09:42:44.676896-04');
INSERT INTO message_element_mappings (id, message_type_id, data_element_id, mandatory, comments, updated_at) VALUES (784, 5, 32, false, NULL, '2017-07-26 09:42:44.676896-04');
INSERT INTO message_element_mappings (id, message_type_id, data_element_id, mandatory, comments, updated_at) VALUES (785, 5, 33, false, NULL, '2017-07-26 09:42:44.676896-04');
INSERT INTO message_element_mappings (id, message_type_id, data_element_id, mandatory, comments, updated_at) VALUES (786, 5, 34, false, NULL, '2017-07-26 09:42:44.676896-04');
INSERT INTO message_element_mappings (id, message_type_id, data_element_id, mandatory, comments, updated_at) VALUES (787, 5, 35, false, NULL, '2017-07-26 09:42:44.676896-04');
INSERT INTO message_element_mappings (id, message_type_id, data_element_id, mandatory, comments, updated_at) VALUES (788, 5, 36, false, NULL, '2017-07-26 09:42:44.676896-04');
INSERT INTO message_element_mappings (id, message_type_id, data_element_id, mandatory, comments, updated_at) VALUES (789, 5, 37, false, NULL, '2017-07-26 09:42:44.676896-04');
INSERT INTO message_element_mappings (id, message_type_id, data_element_id, mandatory, comments, updated_at) VALUES (790, 5, 38, false, NULL, '2017-07-26 09:42:44.676896-04');
INSERT INTO message_element_mappings (id, message_type_id, data_element_id, mandatory, comments, updated_at) VALUES (792, 5, 40, false, NULL, '2017-07-26 09:42:44.676896-04');
INSERT INTO message_element_mappings (id, message_type_id, data_element_id, mandatory, comments, updated_at) VALUES (796, 5, 44, false, NULL, '2017-07-26 09:42:44.676896-04');
INSERT INTO message_element_mappings (id, message_type_id, data_element_id, mandatory, comments, updated_at) VALUES (798, 5, 46, false, NULL, '2017-07-26 09:42:44.676896-04');
INSERT INTO message_element_mappings (id, message_type_id, data_element_id, mandatory, comments, updated_at) VALUES (799, 5, 47, false, NULL, '2017-07-26 09:42:44.676896-04');
INSERT INTO message_element_mappings (id, message_type_id, data_element_id, mandatory, comments, updated_at) VALUES (800, 5, 48, false, NULL, '2017-07-26 09:42:44.676896-04');
INSERT INTO message_element_mappings (id, message_type_id, data_element_id, mandatory, comments, updated_at) VALUES (801, 5, 49, false, NULL, '2017-07-26 09:42:44.676896-04');
INSERT INTO message_element_mappings (id, message_type_id, data_element_id, mandatory, comments, updated_at) VALUES (802, 5, 50, false, NULL, '2017-07-26 09:42:44.676896-04');
INSERT INTO message_element_mappings (id, message_type_id, data_element_id, mandatory, comments, updated_at) VALUES (803, 5, 51, false, NULL, '2017-07-26 09:42:44.676896-04');
INSERT INTO message_element_mappings (id, message_type_id, data_element_id, mandatory, comments, updated_at) VALUES (804, 5, 52, false, NULL, '2017-07-26 09:42:44.676896-04');
INSERT INTO message_element_mappings (id, message_type_id, data_element_id, mandatory, comments, updated_at) VALUES (805, 5, 53, false, NULL, '2017-07-26 09:42:44.676896-04');
INSERT INTO message_element_mappings (id, message_type_id, data_element_id, mandatory, comments, updated_at) VALUES (806, 5, 54, false, NULL, '2017-07-26 09:42:44.676896-04');
INSERT INTO message_element_mappings (id, message_type_id, data_element_id, mandatory, comments, updated_at) VALUES (807, 5, 55, false, NULL, '2017-07-26 09:42:44.676896-04');
INSERT INTO message_element_mappings (id, message_type_id, data_element_id, mandatory, comments, updated_at) VALUES (808, 5, 56, false, NULL, '2017-07-26 09:42:44.676896-04');
INSERT INTO message_element_mappings (id, message_type_id, data_element_id, mandatory, comments, updated_at) VALUES (809, 5, 57, false, NULL, '2017-07-26 09:42:44.676896-04');
INSERT INTO message_element_mappings (id, message_type_id, data_element_id, mandatory, comments, updated_at) VALUES (810, 5, 58, false, NULL, '2017-07-26 09:42:44.676896-04');
INSERT INTO message_element_mappings (id, message_type_id, data_element_id, mandatory, comments, updated_at) VALUES (811, 5, 59, false, NULL, '2017-07-26 09:42:44.676896-04');
INSERT INTO message_element_mappings (id, message_type_id, data_element_id, mandatory, comments, updated_at) VALUES (812, 5, 60, false, NULL, '2017-07-26 09:42:44.676896-04');
INSERT INTO message_element_mappings (id, message_type_id, data_element_id, mandatory, comments, updated_at) VALUES (813, 5, 61, false, NULL, '2017-07-26 09:42:44.676896-04');
INSERT INTO message_element_mappings (id, message_type_id, data_element_id, mandatory, comments, updated_at) VALUES (814, 5, 62, false, NULL, '2017-07-26 09:42:44.676896-04');
INSERT INTO message_element_mappings (id, message_type_id, data_element_id, mandatory, comments, updated_at) VALUES (815, 5, 63, false, NULL, '2017-07-26 09:42:44.676896-04');
INSERT INTO message_element_mappings (id, message_type_id, data_element_id, mandatory, comments, updated_at) VALUES (816, 5, 64, false, NULL, '2017-07-26 09:42:44.676896-04');
INSERT INTO message_element_mappings (id, message_type_id, data_element_id, mandatory, comments, updated_at) VALUES (865, 5, 113, false, NULL, '2017-07-26 09:42:44.676896-04');
INSERT INTO message_element_mappings (id, message_type_id, data_element_id, mandatory, comments, updated_at) VALUES (866, 5, 114, false, NULL, '2017-07-26 09:42:44.676896-04');
INSERT INTO message_element_mappings (id, message_type_id, data_element_id, mandatory, comments, updated_at) VALUES (867, 5, 115, false, NULL, '2017-07-26 09:42:44.676896-04');
INSERT INTO message_element_mappings (id, message_type_id, data_element_id, mandatory, comments, updated_at) VALUES (791, 5, 39, true, NULL, '2017-07-26 09:42:44.676896-04');
INSERT INTO message_element_mappings (id, message_type_id, data_element_id, mandatory, comments, updated_at) VALUES (793, 5, 41, true, NULL, '2017-07-26 09:42:44.676896-04');
INSERT INTO message_element_mappings (id, message_type_id, data_element_id, mandatory, comments, updated_at) VALUES (794, 5, 42, true, NULL, '2017-07-26 09:42:44.676896-04');
INSERT INTO message_element_mappings (id, message_type_id, data_element_id, mandatory, comments, updated_at) VALUES (795, 5, 43, true, NULL, '2017-07-26 09:42:44.676896-04');
INSERT INTO message_element_mappings (id, message_type_id, data_element_id, mandatory, comments, updated_at) VALUES (15, 1, 15, false, NULL, '2017-07-26 09:42:44.676896-04');
INSERT INTO message_element_mappings (id, message_type_id, data_element_id, mandatory, comments, updated_at) VALUES (16, 1, 16, false, NULL, '2017-07-26 09:42:44.676896-04');
INSERT INTO message_element_mappings (id, message_type_id, data_element_id, mandatory, comments, updated_at) VALUES (17, 1, 17, false, NULL, '2017-07-26 09:42:44.676896-04');
INSERT INTO message_element_mappings (id, message_type_id, data_element_id, mandatory, comments, updated_at) VALUES (18, 1, 18, false, NULL, '2017-07-26 09:42:44.676896-04');
INSERT INTO message_element_mappings (id, message_type_id, data_element_id, mandatory, comments, updated_at) VALUES (19, 1, 19, false, NULL, '2017-07-26 09:42:44.676896-04');
INSERT INTO message_element_mappings (id, message_type_id, data_element_id, mandatory, comments, updated_at) VALUES (20, 1, 20, false, NULL, '2017-07-26 09:42:44.676896-04');
INSERT INTO message_element_mappings (id, message_type_id, data_element_id, mandatory, comments, updated_at) VALUES (21, 1, 21, false, NULL, '2017-07-26 09:42:44.676896-04');
INSERT INTO message_element_mappings (id, message_type_id, data_element_id, mandatory, comments, updated_at) VALUES (22, 1, 22, false, NULL, '2017-07-26 09:42:44.676896-04');
INSERT INTO message_element_mappings (id, message_type_id, data_element_id, mandatory, comments, updated_at) VALUES (126, 1, 126, false, NULL, '2017-07-26 09:42:44.676896-04');
INSERT INTO message_element_mappings (id, message_type_id, data_element_id, mandatory, comments, updated_at) VALUES (127, 1, 127, false, NULL, '2017-07-26 09:42:44.676896-04');
INSERT INTO message_element_mappings (id, message_type_id, data_element_id, mandatory, comments, updated_at) VALUES (128, 1, 128, false, NULL, '2017-07-26 09:42:44.676896-04');
INSERT INTO message_element_mappings (id, message_type_id, data_element_id, mandatory, comments, updated_at) VALUES (129, 1, 129, false, NULL, '2017-07-26 09:42:44.676896-04');
INSERT INTO message_element_mappings (id, message_type_id, data_element_id, mandatory, comments, updated_at) VALUES (130, 1, 130, false, NULL, '2017-07-26 09:42:44.676896-04');
INSERT INTO message_element_mappings (id, message_type_id, data_element_id, mandatory, comments, updated_at) VALUES (131, 1, 131, false, NULL, '2017-07-26 09:42:44.676896-04');
INSERT INTO message_element_mappings (id, message_type_id, data_element_id, mandatory, comments, updated_at) VALUES (499, 3, 123, false, NULL, '2017-07-26 09:42:44.676896-04');
INSERT INTO message_element_mappings (id, message_type_id, data_element_id, mandatory, comments, updated_at) VALUES (604, 4, 40, false, NULL, '2017-07-26 09:42:44.676896-04');
INSERT INTO message_element_mappings (id, message_type_id, data_element_id, mandatory, comments, updated_at) VALUES (603, 4, 39, true, NULL, '2017-07-26 09:42:44.676896-04');
INSERT INTO message_element_mappings (id, message_type_id, data_element_id, mandatory, comments, updated_at) VALUES (605, 4, 41, true, NULL, '2017-07-26 09:42:44.676896-04');
INSERT INTO message_element_mappings (id, message_type_id, data_element_id, mandatory, comments, updated_at) VALUES (606, 4, 42, true, NULL, '2017-07-26 09:42:44.676896-04');
INSERT INTO message_element_mappings (id, message_type_id, data_element_id, mandatory, comments, updated_at) VALUES (607, 4, 43, true, NULL, '2017-07-26 09:42:44.676896-04');
INSERT INTO message_element_mappings (id, message_type_id, data_element_id, mandatory, comments, updated_at) VALUES (608, 4, 44, true, NULL, '2017-07-26 09:42:44.676896-04');
INSERT INTO message_element_mappings (id, message_type_id, data_element_id, mandatory, comments, updated_at) VALUES (684, 4, 120, false, NULL, '2017-07-26 09:42:44.676896-04');
INSERT INTO message_element_mappings (id, message_type_id, data_element_id, mandatory, comments, updated_at) VALUES (685, 4, 121, false, NULL, '2017-07-26 09:42:44.676896-04');
INSERT INTO message_element_mappings (id, message_type_id, data_element_id, mandatory, comments, updated_at) VALUES (686, 4, 122, false, NULL, '2017-07-26 09:42:44.676896-04');
INSERT INTO message_element_mappings (id, message_type_id, data_element_id, mandatory, comments, updated_at) VALUES (698, 4, 134, false, NULL, '2017-07-26 09:42:44.676896-04');
INSERT INTO message_element_mappings (id, message_type_id, data_element_id, mandatory, comments, updated_at) VALUES (699, 4, 135, false, NULL, '2017-07-26 09:42:44.676896-04');
INSERT INTO message_element_mappings (id, message_type_id, data_element_id, mandatory, comments, updated_at) VALUES (766, 5, 14, false, NULL, '2017-07-26 09:42:44.676896-04');
INSERT INTO message_element_mappings (id, message_type_id, data_element_id, mandatory, comments, updated_at) VALUES (767, 5, 15, false, NULL, '2017-07-26 09:42:44.676896-04');
INSERT INTO message_element_mappings (id, message_type_id, data_element_id, mandatory, comments, updated_at) VALUES (768, 5, 16, false, NULL, '2017-07-26 09:42:44.676896-04');
INSERT INTO message_element_mappings (id, message_type_id, data_element_id, mandatory, comments, updated_at) VALUES (769, 5, 17, false, NULL, '2017-07-26 09:42:44.676896-04');
INSERT INTO message_element_mappings (id, message_type_id, data_element_id, mandatory, comments, updated_at) VALUES (770, 5, 18, false, NULL, '2017-07-26 09:42:44.676896-04');
INSERT INTO message_element_mappings (id, message_type_id, data_element_id, mandatory, comments, updated_at) VALUES (771, 5, 19, false, NULL, '2017-07-26 09:42:44.676896-04');
INSERT INTO message_element_mappings (id, message_type_id, data_element_id, mandatory, comments, updated_at) VALUES (772, 5, 20, false, NULL, '2017-07-26 09:42:44.676896-04');
INSERT INTO message_element_mappings (id, message_type_id, data_element_id, mandatory, comments, updated_at) VALUES (773, 5, 21, false, NULL, '2017-07-26 09:42:44.676896-04');
INSERT INTO message_element_mappings (id, message_type_id, data_element_id, mandatory, comments, updated_at) VALUES (774, 5, 22, false, NULL, '2017-07-26 09:42:44.676896-04');
INSERT INTO message_element_mappings (id, message_type_id, data_element_id, mandatory, comments, updated_at) VALUES (775, 5, 23, false, NULL, '2017-07-26 09:42:44.676896-04');
INSERT INTO message_element_mappings (id, message_type_id, data_element_id, mandatory, comments, updated_at) VALUES (868, 5, 116, false, NULL, '2017-07-26 09:42:44.676896-04');
INSERT INTO message_element_mappings (id, message_type_id, data_element_id, mandatory, comments, updated_at) VALUES (869, 5, 117, false, NULL, '2017-07-26 09:42:44.676896-04');
INSERT INTO message_element_mappings (id, message_type_id, data_element_id, mandatory, comments, updated_at) VALUES (870, 5, 118, false, NULL, '2017-07-26 09:42:44.676896-04');
INSERT INTO message_element_mappings (id, message_type_id, data_element_id, mandatory, comments, updated_at) VALUES (871, 5, 119, false, NULL, '2017-07-26 09:42:44.676896-04');
INSERT INTO message_element_mappings (id, message_type_id, data_element_id, mandatory, comments, updated_at) VALUES (872, 5, 120, false, NULL, '2017-07-26 09:42:44.676896-04');
INSERT INTO message_element_mappings (id, message_type_id, data_element_id, mandatory, comments, updated_at) VALUES (873, 5, 121, false, NULL, '2017-07-26 09:42:44.676896-04');
INSERT INTO message_element_mappings (id, message_type_id, data_element_id, mandatory, comments, updated_at) VALUES (874, 5, 122, false, NULL, '2017-07-26 09:42:44.676896-04');
INSERT INTO message_element_mappings (id, message_type_id, data_element_id, mandatory, comments, updated_at) VALUES (875, 5, 123, false, NULL, '2017-07-26 09:42:44.676896-04');
INSERT INTO message_element_mappings (id, message_type_id, data_element_id, mandatory, comments, updated_at) VALUES (876, 5, 124, false, NULL, '2017-07-26 09:42:44.676896-04');
INSERT INTO message_element_mappings (id, message_type_id, data_element_id, mandatory, comments, updated_at) VALUES (877, 5, 125, false, NULL, '2017-07-26 09:42:44.676896-04');
INSERT INTO message_element_mappings (id, message_type_id, data_element_id, mandatory, comments, updated_at) VALUES (878, 5, 126, false, NULL, '2017-07-26 09:42:44.676896-04');
INSERT INTO message_element_mappings (id, message_type_id, data_element_id, mandatory, comments, updated_at) VALUES (879, 5, 127, false, NULL, '2017-07-26 09:42:44.676896-04');
INSERT INTO message_element_mappings (id, message_type_id, data_element_id, mandatory, comments, updated_at) VALUES (880, 5, 128, false, NULL, '2017-07-26 09:42:44.676896-04');
INSERT INTO message_element_mappings (id, message_type_id, data_element_id, mandatory, comments, updated_at) VALUES (881, 5, 129, false, NULL, '2017-07-26 09:42:44.676896-04');
INSERT INTO message_element_mappings (id, message_type_id, data_element_id, mandatory, comments, updated_at) VALUES (882, 5, 130, false, NULL, '2017-07-26 09:42:44.676896-04');
INSERT INTO message_element_mappings (id, message_type_id, data_element_id, mandatory, comments, updated_at) VALUES (883, 5, 131, false, NULL, '2017-07-26 09:42:44.676896-04');
INSERT INTO message_element_mappings (id, message_type_id, data_element_id, mandatory, comments, updated_at) VALUES (884, 5, 132, false, NULL, '2017-07-26 09:42:44.676896-04');
INSERT INTO message_element_mappings (id, message_type_id, data_element_id, mandatory, comments, updated_at) VALUES (885, 5, 133, false, NULL, '2017-07-26 09:42:44.676896-04');
INSERT INTO message_element_mappings (id, message_type_id, data_element_id, mandatory, comments, updated_at) VALUES (886, 5, 134, false, NULL, '2017-07-26 09:42:44.676896-04');
INSERT INTO message_element_mappings (id, message_type_id, data_element_id, mandatory, comments, updated_at) VALUES (887, 5, 135, false, NULL, '2017-07-26 09:42:44.676896-04');
INSERT INTO message_element_mappings (id, message_type_id, data_element_id, mandatory, comments, updated_at) VALUES (888, 5, 136, false, NULL, '2017-07-26 09:42:44.676896-04');
INSERT INTO message_element_mappings (id, message_type_id, data_element_id, mandatory, comments, updated_at) VALUES (890, 5, 138, false, NULL, '2017-07-26 09:42:44.676896-04');
INSERT INTO message_element_mappings (id, message_type_id, data_element_id, mandatory, comments, updated_at) VALUES (891, 5, 139, false, NULL, '2017-07-26 09:42:44.676896-04');
INSERT INTO message_element_mappings (id, message_type_id, data_element_id, mandatory, comments, updated_at) VALUES (892, 5, 140, false, NULL, '2017-07-26 09:42:44.676896-04');
INSERT INTO message_element_mappings (id, message_type_id, data_element_id, mandatory, comments, updated_at) VALUES (893, 5, 141, false, NULL, '2017-07-26 09:42:44.676896-04');
INSERT INTO message_element_mappings (id, message_type_id, data_element_id, mandatory, comments, updated_at) VALUES (894, 5, 142, false, NULL, '2017-07-26 09:42:44.676896-04');
INSERT INTO message_element_mappings (id, message_type_id, data_element_id, mandatory, comments, updated_at) VALUES (895, 5, 143, false, NULL, '2017-07-26 09:42:44.676896-04');
INSERT INTO message_element_mappings (id, message_type_id, data_element_id, mandatory, comments, updated_at) VALUES (896, 5, 144, false, NULL, '2017-07-26 09:42:44.676896-04');
INSERT INTO message_element_mappings (id, message_type_id, data_element_id, mandatory, comments, updated_at) VALUES (897, 5, 145, false, NULL, '2017-07-26 09:42:44.676896-04');
INSERT INTO message_element_mappings (id, message_type_id, data_element_id, mandatory, comments, updated_at) VALUES (898, 5, 146, false, NULL, '2017-07-26 09:42:44.676896-04');
INSERT INTO message_element_mappings (id, message_type_id, data_element_id, mandatory, comments, updated_at) VALUES (899, 5, 147, false, NULL, '2017-07-26 09:42:44.676896-04');
INSERT INTO message_element_mappings (id, message_type_id, data_element_id, mandatory, comments, updated_at) VALUES (900, 5, 148, false, NULL, '2017-07-26 09:42:44.676896-04');
INSERT INTO message_element_mappings (id, message_type_id, data_element_id, mandatory, comments, updated_at) VALUES (901, 5, 149, false, NULL, '2017-07-26 09:42:44.676896-04');
INSERT INTO message_element_mappings (id, message_type_id, data_element_id, mandatory, comments, updated_at) VALUES (902, 5, 150, false, NULL, '2017-07-26 09:42:44.676896-04');
INSERT INTO message_element_mappings (id, message_type_id, data_element_id, mandatory, comments, updated_at) VALUES (903, 5, 151, false, NULL, '2017-07-26 09:42:44.676896-04');
INSERT INTO message_element_mappings (id, message_type_id, data_element_id, mandatory, comments, updated_at) VALUES (904, 5, 152, false, NULL, '2017-07-26 09:42:44.676896-04');
INSERT INTO message_element_mappings (id, message_type_id, data_element_id, mandatory, comments, updated_at) VALUES (905, 5, 153, false, NULL, '2017-07-26 09:42:44.676896-04');
INSERT INTO message_element_mappings (id, message_type_id, data_element_id, mandatory, comments, updated_at) VALUES (906, 5, 154, false, NULL, '2017-07-26 09:42:44.676896-04');
INSERT INTO message_element_mappings (id, message_type_id, data_element_id, mandatory, comments, updated_at) VALUES (907, 5, 155, false, NULL, '2017-07-26 09:42:44.676896-04');
INSERT INTO message_element_mappings (id, message_type_id, data_element_id, mandatory, comments, updated_at) VALUES (913, 5, 161, false, NULL, '2017-07-26 09:42:44.676896-04');
INSERT INTO message_element_mappings (id, message_type_id, data_element_id, mandatory, comments, updated_at) VALUES (918, 5, 166, false, NULL, '2017-07-26 09:42:44.676896-04');
INSERT INTO message_element_mappings (id, message_type_id, data_element_id, mandatory, comments, updated_at) VALUES (919, 5, 167, false, NULL, '2017-07-26 09:42:44.676896-04');
INSERT INTO message_element_mappings (id, message_type_id, data_element_id, mandatory, comments, updated_at) VALUES (922, 5, 170, false, NULL, '2017-07-26 09:42:44.676896-04');
INSERT INTO message_element_mappings (id, message_type_id, data_element_id, mandatory, comments, updated_at) VALUES (923, 5, 171, false, NULL, '2017-07-26 09:42:44.676896-04');
INSERT INTO message_element_mappings (id, message_type_id, data_element_id, mandatory, comments, updated_at) VALUES (941, 6, 1, false, NULL, '2017-07-26 09:42:44.676896-04');
INSERT INTO message_element_mappings (id, message_type_id, data_element_id, mandatory, comments, updated_at) VALUES (942, 6, 2, false, NULL, '2017-07-26 09:42:44.676896-04');
INSERT INTO message_element_mappings (id, message_type_id, data_element_id, mandatory, comments, updated_at) VALUES (943, 6, 3, false, NULL, '2017-07-26 09:42:44.676896-04');
INSERT INTO message_element_mappings (id, message_type_id, data_element_id, mandatory, comments, updated_at) VALUES (944, 6, 4, false, NULL, '2017-07-26 09:42:44.676896-04');
INSERT INTO message_element_mappings (id, message_type_id, data_element_id, mandatory, comments, updated_at) VALUES (945, 6, 5, false, NULL, '2017-07-26 09:42:44.676896-04');
INSERT INTO message_element_mappings (id, message_type_id, data_element_id, mandatory, comments, updated_at) VALUES (946, 6, 6, false, NULL, '2017-07-26 09:42:44.676896-04');
INSERT INTO message_element_mappings (id, message_type_id, data_element_id, mandatory, comments, updated_at) VALUES (947, 6, 7, false, NULL, '2017-07-26 09:42:44.676896-04');
INSERT INTO message_element_mappings (id, message_type_id, data_element_id, mandatory, comments, updated_at) VALUES (948, 6, 8, false, NULL, '2017-07-26 09:42:44.676896-04');
INSERT INTO message_element_mappings (id, message_type_id, data_element_id, mandatory, comments, updated_at) VALUES (949, 6, 9, false, NULL, '2017-07-26 09:42:44.676896-04');
INSERT INTO message_element_mappings (id, message_type_id, data_element_id, mandatory, comments, updated_at) VALUES (950, 6, 10, false, NULL, '2017-07-26 09:42:44.676896-04');
INSERT INTO message_element_mappings (id, message_type_id, data_element_id, mandatory, comments, updated_at) VALUES (1100, 6, 160, false, NULL, '2017-07-26 09:42:44.676896-04');
INSERT INTO message_element_mappings (id, message_type_id, data_element_id, mandatory, comments, updated_at) VALUES (1108, 6, 168, false, NULL, '2017-07-26 09:42:44.676896-04');
INSERT INTO message_element_mappings (id, message_type_id, data_element_id, mandatory, comments, updated_at) VALUES (1109, 6, 169, false, NULL, '2017-07-26 09:42:44.676896-04');
INSERT INTO message_element_mappings (id, message_type_id, data_element_id, mandatory, comments, updated_at) VALUES (1110, 6, 170, false, NULL, '2017-07-26 09:42:44.676896-04');
INSERT INTO message_element_mappings (id, message_type_id, data_element_id, mandatory, comments, updated_at) VALUES (1111, 6, 171, false, NULL, '2017-07-26 09:42:44.676896-04');
INSERT INTO message_element_mappings (id, message_type_id, data_element_id, mandatory, comments, updated_at) VALUES (981, 6, 41, true, NULL, '2017-07-26 09:42:44.676896-04');
INSERT INTO message_element_mappings (id, message_type_id, data_element_id, mandatory, comments, updated_at) VALUES (982, 6, 42, true, NULL, '2017-07-26 09:42:44.676896-04');
INSERT INTO message_element_mappings (id, message_type_id, data_element_id, mandatory, comments, updated_at) VALUES (979, 6, 39, true, NULL, '2017-07-26 09:42:44.676896-04');
INSERT INTO message_element_mappings (id, message_type_id, data_element_id, mandatory, comments, updated_at) VALUES (951, 6, 11, false, NULL, '2017-07-26 09:42:44.676896-04');
INSERT INTO message_element_mappings (id, message_type_id, data_element_id, mandatory, comments, updated_at) VALUES (980, 6, 40, false, NULL, '2017-07-26 09:42:44.676896-04');
INSERT INTO message_element_mappings (id, message_type_id, data_element_id, mandatory, comments, updated_at) VALUES (1074, 6, 134, false, NULL, '2017-07-26 09:42:44.676896-04');
INSERT INTO message_element_mappings (id, message_type_id, data_element_id, mandatory, comments, updated_at) VALUES (1075, 6, 135, false, NULL, '2017-07-26 09:42:44.676896-04');
INSERT INTO message_element_mappings (id, message_type_id, data_element_id, mandatory, comments, updated_at) VALUES (1076, 6, 136, false, NULL, '2017-07-26 09:42:44.676896-04');
INSERT INTO message_element_mappings (id, message_type_id, data_element_id, mandatory, comments, updated_at) VALUES (985, 6, 45, true, NULL, '2017-07-26 09:42:44.676896-04');
INSERT INTO message_element_mappings (id, message_type_id, data_element_id, mandatory, comments, updated_at) VALUES (1096, 6, 156, false, NULL, '2017-07-26 09:42:44.676896-04');
INSERT INTO message_element_mappings (id, message_type_id, data_element_id, mandatory, comments, updated_at) VALUES (1097, 6, 157, false, NULL, '2017-07-26 09:42:44.676896-04');
INSERT INTO message_element_mappings (id, message_type_id, data_element_id, mandatory, comments, updated_at) VALUES (1098, 6, 158, false, NULL, '2017-07-26 09:42:44.676896-04');
INSERT INTO message_element_mappings (id, message_type_id, data_element_id, mandatory, comments, updated_at) VALUES (1099, 6, 159, false, NULL, '2017-07-26 09:42:44.676896-04');
INSERT INTO message_element_mappings (id, message_type_id, data_element_id, mandatory, comments, updated_at) VALUES (1112, 6, 172, false, NULL, '2017-07-26 09:42:44.676896-04');
INSERT INTO message_element_mappings (id, message_type_id, data_element_id, mandatory, comments, updated_at) VALUES (1113, 6, 173, false, NULL, '2017-07-26 09:42:44.676896-04');
INSERT INTO message_element_mappings (id, message_type_id, data_element_id, mandatory, comments, updated_at) VALUES (1114, 6, 174, false, NULL, '2017-07-26 09:42:44.676896-04');
INSERT INTO message_element_mappings (id, message_type_id, data_element_id, mandatory, comments, updated_at) VALUES (1116, 6, 176, false, NULL, '2017-07-26 09:42:44.676896-04');
INSERT INTO message_element_mappings (id, message_type_id, data_element_id, mandatory, comments, updated_at) VALUES (1117, 6, 177, false, NULL, '2017-07-26 09:42:44.676896-04');
INSERT INTO message_element_mappings (id, message_type_id, data_element_id, mandatory, comments, updated_at) VALUES (1118, 6, 178, false, NULL, '2017-07-26 09:42:44.676896-04');
INSERT INTO message_element_mappings (id, message_type_id, data_element_id, mandatory, comments, updated_at) VALUES (1119, 6, 179, false, NULL, '2017-07-26 09:42:44.676896-04');
INSERT INTO message_element_mappings (id, message_type_id, data_element_id, mandatory, comments, updated_at) VALUES (1120, 6, 180, false, NULL, '2017-07-26 09:42:44.676896-04');
INSERT INTO message_element_mappings (id, message_type_id, data_element_id, mandatory, comments, updated_at) VALUES (1121, 6, 181, false, NULL, '2017-07-26 09:42:44.676896-04');
INSERT INTO message_element_mappings (id, message_type_id, data_element_id, mandatory, comments, updated_at) VALUES (1123, 6, 183, false, NULL, '2017-07-26 09:42:44.676896-04');
INSERT INTO message_element_mappings (id, message_type_id, data_element_id, mandatory, comments, updated_at) VALUES (1124, 6, 184, false, NULL, '2017-07-26 09:42:44.676896-04');
INSERT INTO message_element_mappings (id, message_type_id, data_element_id, mandatory, comments, updated_at) VALUES (1125, 6, 185, false, NULL, '2017-07-26 09:42:44.676896-04');
INSERT INTO message_element_mappings (id, message_type_id, data_element_id, mandatory, comments, updated_at) VALUES (1122, 6, 182, true, NULL, '2017-07-26 09:42:44.676896-04');
INSERT INTO message_element_mappings (id, message_type_id, data_element_id, mandatory, comments, updated_at) VALUES (2954, 16, 134, false, NULL, '2017-07-26 09:42:44.676896-04');
INSERT INTO message_element_mappings (id, message_type_id, data_element_id, mandatory, comments, updated_at) VALUES (2955, 16, 135, false, NULL, '2017-07-26 09:42:44.676896-04');
INSERT INTO message_element_mappings (id, message_type_id, data_element_id, mandatory, comments, updated_at) VALUES (2956, 16, 136, false, NULL, '2017-07-26 09:42:44.676896-04');
INSERT INTO message_element_mappings (id, message_type_id, data_element_id, mandatory, comments, updated_at) VALUES (2988, 16, 168, false, NULL, '2017-07-26 09:42:44.676896-04');
INSERT INTO message_element_mappings (id, message_type_id, data_element_id, mandatory, comments, updated_at) VALUES (2989, 16, 169, false, NULL, '2017-07-26 09:42:44.676896-04');
INSERT INTO message_element_mappings (id, message_type_id, data_element_id, mandatory, comments, updated_at) VALUES (2990, 16, 170, false, NULL, '2017-07-26 09:42:44.676896-04');
INSERT INTO message_element_mappings (id, message_type_id, data_element_id, mandatory, comments, updated_at) VALUES (2991, 16, 171, false, NULL, '2017-07-26 09:42:44.676896-04');
INSERT INTO message_element_mappings (id, message_type_id, data_element_id, mandatory, comments, updated_at) VALUES (2992, 16, 172, false, NULL, '2017-07-26 09:42:44.676896-04');
INSERT INTO message_element_mappings (id, message_type_id, data_element_id, mandatory, comments, updated_at) VALUES (2993, 16, 173, false, NULL, '2017-07-26 09:42:44.676896-04');
INSERT INTO message_element_mappings (id, message_type_id, data_element_id, mandatory, comments, updated_at) VALUES (2994, 16, 174, false, NULL, '2017-07-26 09:42:44.676896-04');
INSERT INTO message_element_mappings (id, message_type_id, data_element_id, mandatory, comments, updated_at) VALUES (2996, 16, 176, false, NULL, '2017-07-26 09:42:44.676896-04');
INSERT INTO message_element_mappings (id, message_type_id, data_element_id, mandatory, comments, updated_at) VALUES (2999, 16, 179, false, NULL, '2017-07-26 09:42:44.676896-04');
INSERT INTO message_element_mappings (id, message_type_id, data_element_id, mandatory, comments, updated_at) VALUES (3000, 16, 180, false, NULL, '2017-07-26 09:42:44.676896-04');
INSERT INTO message_element_mappings (id, message_type_id, data_element_id, mandatory, comments, updated_at) VALUES (3397, 19, 41, true, NULL, '2017-07-26 09:42:44.676896-04');
INSERT INTO message_element_mappings (id, message_type_id, data_element_id, mandatory, comments, updated_at) VALUES (3398, 19, 42, true, NULL, '2017-07-26 09:42:44.676896-04');
INSERT INTO message_element_mappings (id, message_type_id, data_element_id, mandatory, comments, updated_at) VALUES (3426, 19, 39, true, NULL, '2017-07-26 09:42:44.676896-04');
INSERT INTO message_element_mappings (id, message_type_id, data_element_id, mandatory, comments, updated_at) VALUES (41, 1, 41, true, NULL, '2017-07-26 09:42:44.676896-04');
INSERT INTO message_element_mappings (id, message_type_id, data_element_id, mandatory, comments, updated_at) VALUES (42, 1, 42, true, NULL, '2017-07-26 09:42:44.676896-04');
INSERT INTO message_element_mappings (id, message_type_id, data_element_id, mandatory, comments, updated_at) VALUES (2861, 16, 41, true, NULL, '2017-07-26 09:42:44.676896-04');
INSERT INTO message_element_mappings (id, message_type_id, data_element_id, mandatory, comments, updated_at) VALUES (2862, 16, 42, true, NULL, '2017-07-26 09:42:44.676896-04');
INSERT INTO message_element_mappings (id, message_type_id, data_element_id, mandatory, comments, updated_at) VALUES (2859, 16, 39, true, NULL, '2017-07-26 09:42:44.676896-04');
INSERT INTO message_element_mappings (id, message_type_id, data_element_id, mandatory, comments, updated_at) VALUES (2821, 16, 1, false, NULL, '2017-07-26 09:42:44.676896-04');
INSERT INTO message_element_mappings (id, message_type_id, data_element_id, mandatory, comments, updated_at) VALUES (2822, 16, 2, false, NULL, '2017-07-26 09:42:44.676896-04');
INSERT INTO message_element_mappings (id, message_type_id, data_element_id, mandatory, comments, updated_at) VALUES (2823, 16, 3, false, NULL, '2017-07-26 09:42:44.676896-04');
INSERT INTO message_element_mappings (id, message_type_id, data_element_id, mandatory, comments, updated_at) VALUES (2824, 16, 4, false, NULL, '2017-07-26 09:42:44.676896-04');
INSERT INTO message_element_mappings (id, message_type_id, data_element_id, mandatory, comments, updated_at) VALUES (2825, 16, 5, false, NULL, '2017-07-26 09:42:44.676896-04');
INSERT INTO message_element_mappings (id, message_type_id, data_element_id, mandatory, comments, updated_at) VALUES (2826, 16, 6, false, NULL, '2017-07-26 09:42:44.676896-04');
INSERT INTO message_element_mappings (id, message_type_id, data_element_id, mandatory, comments, updated_at) VALUES (2827, 16, 7, false, NULL, '2017-07-26 09:42:44.676896-04');
INSERT INTO message_element_mappings (id, message_type_id, data_element_id, mandatory, comments, updated_at) VALUES (2828, 16, 8, false, NULL, '2017-07-26 09:42:44.676896-04');
INSERT INTO message_element_mappings (id, message_type_id, data_element_id, mandatory, comments, updated_at) VALUES (2829, 16, 9, false, NULL, '2017-07-26 09:42:44.676896-04');
INSERT INTO message_element_mappings (id, message_type_id, data_element_id, mandatory, comments, updated_at) VALUES (2830, 16, 10, false, NULL, '2017-07-26 09:42:44.676896-04');
INSERT INTO message_element_mappings (id, message_type_id, data_element_id, mandatory, comments, updated_at) VALUES (2831, 16, 11, false, NULL, '2017-07-26 09:42:44.676896-04');
INSERT INTO message_element_mappings (id, message_type_id, data_element_id, mandatory, comments, updated_at) VALUES (2860, 16, 40, false, NULL, '2017-07-26 09:42:44.676896-04');
INSERT INTO message_element_mappings (id, message_type_id, data_element_id, mandatory, comments, updated_at) VALUES (3001, 16, 181, false, NULL, '2017-07-26 09:42:44.676896-04');
INSERT INTO message_element_mappings (id, message_type_id, data_element_id, mandatory, comments, updated_at) VALUES (3003, 16, 183, false, NULL, '2017-07-26 09:42:44.676896-04');
INSERT INTO message_element_mappings (id, message_type_id, data_element_id, mandatory, comments, updated_at) VALUES (3004, 16, 184, false, NULL, '2017-07-26 09:42:44.676896-04');
INSERT INTO message_element_mappings (id, message_type_id, data_element_id, mandatory, comments, updated_at) VALUES (3005, 16, 185, false, NULL, '2017-07-26 09:42:44.676896-04');
INSERT INTO message_element_mappings (id, message_type_id, data_element_id, mandatory, comments, updated_at) VALUES (2865, 16, 45, true, NULL, '2017-07-26 09:42:44.676896-04');
INSERT INTO message_element_mappings (id, message_type_id, data_element_id, mandatory, comments, updated_at) VALUES (3517, 3, 176, false, NULL, '2017-07-26 09:42:44.676896-04');
INSERT INTO message_element_mappings (id, message_type_id, data_element_id, mandatory, comments, updated_at) VALUES (3518, 3, 8, false, NULL, '2017-07-26 09:42:44.676896-04');
INSERT INTO message_element_mappings (id, message_type_id, data_element_id, mandatory, comments, updated_at) VALUES (3519, 3, 10, false, NULL, '2017-07-26 09:42:44.676896-04');
INSERT INTO message_element_mappings (id, message_type_id, data_element_id, mandatory, comments, updated_at) VALUES (3520, 3, 9, false, NULL, '2017-07-26 09:42:44.676896-04');
INSERT INTO message_element_mappings (id, message_type_id, data_element_id, mandatory, comments, updated_at) VALUES (3521, 3, 174, false, NULL, '2017-07-26 09:42:44.676896-04');
INSERT INTO message_element_mappings (id, message_type_id, data_element_id, mandatory, comments, updated_at) VALUES (3522, 5, 176, false, NULL, '2017-07-26 09:42:44.676896-04');
INSERT INTO message_element_mappings (id, message_type_id, data_element_id, mandatory, comments, updated_at) VALUES (3523, 5, 8, false, NULL, '2017-07-26 09:42:44.676896-04');
INSERT INTO message_element_mappings (id, message_type_id, data_element_id, mandatory, comments, updated_at) VALUES (3524, 5, 10, false, NULL, '2017-07-26 09:42:44.676896-04');
INSERT INTO message_element_mappings (id, message_type_id, data_element_id, mandatory, comments, updated_at) VALUES (3525, 5, 9, false, NULL, '2017-07-26 09:42:44.676896-04');
INSERT INTO message_element_mappings (id, message_type_id, data_element_id, mandatory, comments, updated_at) VALUES (3526, 5, 174, false, NULL, '2017-07-26 09:42:44.676896-04');
INSERT INTO message_element_mappings (id, message_type_id, data_element_id, mandatory, comments, updated_at) VALUES (3392, 19, 8, false, NULL, '2017-07-26 09:42:44.676896-04');
INSERT INTO message_element_mappings (id, message_type_id, data_element_id, mandatory, comments, updated_at) VALUES (3393, 19, 9, false, NULL, '2017-07-26 09:42:44.676896-04');
INSERT INTO message_element_mappings (id, message_type_id, data_element_id, mandatory, comments, updated_at) VALUES (3394, 19, 10, false, NULL, '2017-07-26 09:42:44.676896-04');
INSERT INTO message_element_mappings (id, message_type_id, data_element_id, mandatory, comments, updated_at) VALUES (3395, 19, 11, false, NULL, '2017-07-26 09:42:44.676896-04');
INSERT INTO message_element_mappings (id, message_type_id, data_element_id, mandatory, comments, updated_at) VALUES (3396, 19, 40, false, NULL, '2017-07-26 09:42:44.676896-04');
INSERT INTO message_element_mappings (id, message_type_id, data_element_id, mandatory, comments, updated_at) VALUES (3399, 19, 134, false, NULL, '2017-07-26 09:42:44.676896-04');
INSERT INTO message_element_mappings (id, message_type_id, data_element_id, mandatory, comments, updated_at) VALUES (3400, 19, 135, false, NULL, '2017-07-26 09:42:44.676896-04');
INSERT INTO message_element_mappings (id, message_type_id, data_element_id, mandatory, comments, updated_at) VALUES (3401, 19, 136, false, NULL, '2017-07-26 09:42:44.676896-04');
INSERT INTO message_element_mappings (id, message_type_id, data_element_id, mandatory, comments, updated_at) VALUES (3402, 19, 156, false, NULL, '2017-07-26 09:42:44.676896-04');
INSERT INTO message_element_mappings (id, message_type_id, data_element_id, mandatory, comments, updated_at) VALUES (3403, 19, 157, false, NULL, '2017-07-26 09:42:44.676896-04');
INSERT INTO message_element_mappings (id, message_type_id, data_element_id, mandatory, comments, updated_at) VALUES (3404, 19, 158, false, NULL, '2017-07-26 09:42:44.676896-04');
INSERT INTO message_element_mappings (id, message_type_id, data_element_id, mandatory, comments, updated_at) VALUES (3405, 19, 159, false, NULL, '2017-07-26 09:42:44.676896-04');
INSERT INTO message_element_mappings (id, message_type_id, data_element_id, mandatory, comments, updated_at) VALUES (3406, 19, 160, false, NULL, '2017-07-26 09:42:44.676896-04');
INSERT INTO message_element_mappings (id, message_type_id, data_element_id, mandatory, comments, updated_at) VALUES (3407, 19, 168, false, NULL, '2017-07-26 09:42:44.676896-04');
INSERT INTO message_element_mappings (id, message_type_id, data_element_id, mandatory, comments, updated_at) VALUES (3408, 19, 169, false, NULL, '2017-07-26 09:42:44.676896-04');
INSERT INTO message_element_mappings (id, message_type_id, data_element_id, mandatory, comments, updated_at) VALUES (3409, 19, 170, false, NULL, '2017-07-26 09:42:44.676896-04');
INSERT INTO message_element_mappings (id, message_type_id, data_element_id, mandatory, comments, updated_at) VALUES (3410, 19, 171, false, NULL, '2017-07-26 09:42:44.676896-04');
INSERT INTO message_element_mappings (id, message_type_id, data_element_id, mandatory, comments, updated_at) VALUES (3411, 19, 172, false, NULL, '2017-07-26 09:42:44.676896-04');
INSERT INTO message_element_mappings (id, message_type_id, data_element_id, mandatory, comments, updated_at) VALUES (3412, 19, 173, false, NULL, '2017-07-26 09:42:44.676896-04');
INSERT INTO message_element_mappings (id, message_type_id, data_element_id, mandatory, comments, updated_at) VALUES (3413, 19, 174, false, NULL, '2017-07-26 09:42:44.676896-04');
INSERT INTO message_element_mappings (id, message_type_id, data_element_id, mandatory, comments, updated_at) VALUES (3414, 19, 176, false, NULL, '2017-07-26 09:42:44.676896-04');
INSERT INTO message_element_mappings (id, message_type_id, data_element_id, mandatory, comments, updated_at) VALUES (3417, 19, 179, false, NULL, '2017-07-26 09:42:44.676896-04');
INSERT INTO message_element_mappings (id, message_type_id, data_element_id, mandatory, comments, updated_at) VALUES (3418, 19, 180, false, NULL, '2017-07-26 09:42:44.676896-04');
INSERT INTO message_element_mappings (id, message_type_id, data_element_id, mandatory, comments, updated_at) VALUES (3419, 19, 181, false, NULL, '2017-07-26 09:42:44.676896-04');
INSERT INTO message_element_mappings (id, message_type_id, data_element_id, mandatory, comments, updated_at) VALUES (3420, 19, 183, false, NULL, '2017-07-26 09:42:44.676896-04');
INSERT INTO message_element_mappings (id, message_type_id, data_element_id, mandatory, comments, updated_at) VALUES (1, 1, 1, false, NULL, '2017-07-26 09:42:44.676896-04');
INSERT INTO message_element_mappings (id, message_type_id, data_element_id, mandatory, comments, updated_at) VALUES (52, 1, 52, false, NULL, '2017-07-26 09:42:44.676896-04');
INSERT INTO message_element_mappings (id, message_type_id, data_element_id, mandatory, comments, updated_at) VALUES (53, 1, 53, false, NULL, '2017-07-26 09:42:44.676896-04');
INSERT INTO message_element_mappings (id, message_type_id, data_element_id, mandatory, comments, updated_at) VALUES (54, 1, 54, false, NULL, '2017-07-26 09:42:44.676896-04');
INSERT INTO message_element_mappings (id, message_type_id, data_element_id, mandatory, comments, updated_at) VALUES (55, 1, 55, false, NULL, '2017-07-26 09:42:44.676896-04');
INSERT INTO message_element_mappings (id, message_type_id, data_element_id, mandatory, comments, updated_at) VALUES (56, 1, 56, false, NULL, '2017-07-26 09:42:44.676896-04');
INSERT INTO message_element_mappings (id, message_type_id, data_element_id, mandatory, comments, updated_at) VALUES (57, 1, 57, false, NULL, '2017-07-26 09:42:44.676896-04');
INSERT INTO message_element_mappings (id, message_type_id, data_element_id, mandatory, comments, updated_at) VALUES (58, 1, 58, false, NULL, '2017-07-26 09:42:44.676896-04');
INSERT INTO message_element_mappings (id, message_type_id, data_element_id, mandatory, comments, updated_at) VALUES (59, 1, 59, false, NULL, '2017-07-26 09:42:44.676896-04');
INSERT INTO message_element_mappings (id, message_type_id, data_element_id, mandatory, comments, updated_at) VALUES (60, 1, 60, false, NULL, '2017-07-26 09:42:44.676896-04');
INSERT INTO message_element_mappings (id, message_type_id, data_element_id, mandatory, comments, updated_at) VALUES (61, 1, 61, false, NULL, '2017-07-26 09:42:44.676896-04');
INSERT INTO message_element_mappings (id, message_type_id, data_element_id, mandatory, comments, updated_at) VALUES (62, 1, 62, false, NULL, '2017-07-26 09:42:44.676896-04');
INSERT INTO message_element_mappings (id, message_type_id, data_element_id, mandatory, comments, updated_at) VALUES (63, 1, 63, false, NULL, '2017-07-26 09:42:44.676896-04');
INSERT INTO message_element_mappings (id, message_type_id, data_element_id, mandatory, comments, updated_at) VALUES (64, 1, 64, false, NULL, '2017-07-26 09:42:44.676896-04');
INSERT INTO message_element_mappings (id, message_type_id, data_element_id, mandatory, comments, updated_at) VALUES (3564, 1, 377, false, NULL, '2017-07-26 09:42:44.676896-04');
INSERT INTO message_element_mappings (id, message_type_id, data_element_id, mandatory, comments, updated_at) VALUES (3602, 2, 377, false, NULL, '2017-07-26 09:42:44.676896-04');
INSERT INTO message_element_mappings (id, message_type_id, data_element_id, mandatory, comments, updated_at) VALUES (3603, 22, 385, false, NULL, '2017-07-26 09:42:44.676896-04');
INSERT INTO message_element_mappings (id, message_type_id, data_element_id, mandatory, comments, updated_at) VALUES (3604, 22, 386, false, NULL, '2017-07-26 09:42:44.676896-04');
INSERT INTO message_element_mappings (id, message_type_id, data_element_id, mandatory, comments, updated_at) VALUES (3605, 22, 387, false, NULL, '2017-07-26 09:42:44.676896-04');
INSERT INTO message_element_mappings (id, message_type_id, data_element_id, mandatory, comments, updated_at) VALUES (3606, 22, 388, false, NULL, '2017-07-26 09:42:44.676896-04');
INSERT INTO message_element_mappings (id, message_type_id, data_element_id, mandatory, comments, updated_at) VALUES (3639, 22, 380, false, NULL, '2017-07-26 09:42:44.676896-04');
INSERT INTO message_element_mappings (id, message_type_id, data_element_id, mandatory, comments, updated_at) VALUES (3716, 6, 377, false, NULL, '2017-07-26 09:42:44.676896-04');
INSERT INTO message_element_mappings (id, message_type_id, data_element_id, mandatory, comments, updated_at) VALUES (4652, 23, 446, false, NULL, '2017-07-26 09:42:44.676896-04');
INSERT INTO message_element_mappings (id, message_type_id, data_element_id, mandatory, comments, updated_at) VALUES (4653, 23, 447, false, NULL, '2017-07-26 09:42:44.676896-04');
INSERT INTO message_element_mappings (id, message_type_id, data_element_id, mandatory, comments, updated_at) VALUES (4654, 23, 448, false, NULL, '2017-07-26 09:42:44.676896-04');
INSERT INTO message_element_mappings (id, message_type_id, data_element_id, mandatory, comments, updated_at) VALUES (4655, 23, 449, false, NULL, '2017-07-26 09:42:44.676896-04');
INSERT INTO message_element_mappings (id, message_type_id, data_element_id, mandatory, comments, updated_at) VALUES (4656, 23, 450, false, NULL, '2017-07-26 09:42:44.676896-04');
INSERT INTO message_element_mappings (id, message_type_id, data_element_id, mandatory, comments, updated_at) VALUES (4657, 23, 451, false, NULL, '2017-07-26 09:42:44.676896-04');
INSERT INTO message_element_mappings (id, message_type_id, data_element_id, mandatory, comments, updated_at) VALUES (4658, 23, 452, false, NULL, '2017-07-26 09:42:44.676896-04');
INSERT INTO message_element_mappings (id, message_type_id, data_element_id, mandatory, comments, updated_at) VALUES (4659, 23, 453, false, NULL, '2017-07-26 09:42:44.676896-04');
INSERT INTO message_element_mappings (id, message_type_id, data_element_id, mandatory, comments, updated_at) VALUES (4660, 23, 454, false, NULL, '2017-07-26 09:42:44.676896-04');
INSERT INTO message_element_mappings (id, message_type_id, data_element_id, mandatory, comments, updated_at) VALUES (4661, 23, 455, false, NULL, '2017-07-26 09:42:44.676896-04');
INSERT INTO message_element_mappings (id, message_type_id, data_element_id, mandatory, comments, updated_at) VALUES (4662, 1, 375, false, NULL, '2017-07-26 09:42:44.676896-04');
INSERT INTO message_element_mappings (id, message_type_id, data_element_id, mandatory, comments, updated_at) VALUES (4663, 2, 375, false, NULL, '2017-07-26 09:42:44.676896-04');
INSERT INTO message_element_mappings (id, message_type_id, data_element_id, mandatory, comments, updated_at) VALUES (4664, 3, 375, false, NULL, '2017-07-26 09:42:44.676896-04');
INSERT INTO message_element_mappings (id, message_type_id, data_element_id, mandatory, comments, updated_at) VALUES (4665, 5, 375, false, NULL, '2017-07-26 09:42:44.676896-04');
INSERT INTO message_element_mappings (id, message_type_id, data_element_id, mandatory, comments, updated_at) VALUES (4666, 23, 375, false, NULL, '2017-07-26 09:42:44.676896-04');
INSERT INTO message_element_mappings (id, message_type_id, data_element_id, mandatory, comments, updated_at) VALUES (834, 5, 82, false, NULL, '2017-07-26 09:42:44.676896-04');
INSERT INTO message_element_mappings (id, message_type_id, data_element_id, mandatory, comments, updated_at) VALUES (835, 5, 83, false, NULL, '2017-07-26 09:42:44.676896-04');
INSERT INTO message_element_mappings (id, message_type_id, data_element_id, mandatory, comments, updated_at) VALUES (836, 5, 84, false, NULL, '2017-07-26 09:42:44.676896-04');
INSERT INTO message_element_mappings (id, message_type_id, data_element_id, mandatory, comments, updated_at) VALUES (837, 5, 85, false, NULL, '2017-07-26 09:42:44.676896-04');
INSERT INTO message_element_mappings (id, message_type_id, data_element_id, mandatory, comments, updated_at) VALUES (838, 5, 86, false, NULL, '2017-07-26 09:42:44.676896-04');
INSERT INTO message_element_mappings (id, message_type_id, data_element_id, mandatory, comments, updated_at) VALUES (839, 5, 87, false, NULL, '2017-07-26 09:42:44.676896-04');
INSERT INTO message_element_mappings (id, message_type_id, data_element_id, mandatory, comments, updated_at) VALUES (840, 5, 88, false, NULL, '2017-07-26 09:42:44.676896-04');
INSERT INTO message_element_mappings (id, message_type_id, data_element_id, mandatory, comments, updated_at) VALUES (841, 5, 89, false, NULL, '2017-07-26 09:42:44.676896-04');
INSERT INTO message_element_mappings (id, message_type_id, data_element_id, mandatory, comments, updated_at) VALUES (4724, 2, 459, false, NULL, '2017-07-26 09:42:44.676896-04');
INSERT INTO message_element_mappings (id, message_type_id, data_element_id, mandatory, comments, updated_at) VALUES (4725, 2, 460, false, NULL, '2017-07-26 09:42:44.676896-04');
INSERT INTO message_element_mappings (id, message_type_id, data_element_id, mandatory, comments, updated_at) VALUES (4726, 5, 458, false, NULL, '2017-07-26 09:42:44.676896-04');
INSERT INTO message_element_mappings (id, message_type_id, data_element_id, mandatory, comments, updated_at) VALUES (4727, 5, 459, false, NULL, '2017-07-26 09:42:44.676896-04');
INSERT INTO message_element_mappings (id, message_type_id, data_element_id, mandatory, comments, updated_at) VALUES (4728, 5, 460, false, NULL, '2017-07-26 09:42:44.676896-04');
INSERT INTO message_element_mappings (id, message_type_id, data_element_id, mandatory, comments, updated_at) VALUES (4729, 3, 460, false, NULL, '2017-07-26 09:42:44.676896-04');
INSERT INTO message_element_mappings (id, message_type_id, data_element_id, mandatory, comments, updated_at) VALUES (4730, 3, 458, false, NULL, '2017-07-26 09:42:44.676896-04');
INSERT INTO message_element_mappings (id, message_type_id, data_element_id, mandatory, comments, updated_at) VALUES (4731, 3, 459, false, NULL, '2017-07-26 09:42:44.676896-04');
INSERT INTO message_element_mappings (id, message_type_id, data_element_id, mandatory, comments, updated_at) VALUES (4246, 23, 134, false, NULL, '2017-07-26 09:42:44.676896-04');
INSERT INTO message_element_mappings (id, message_type_id, data_element_id, mandatory, comments, updated_at) VALUES (4247, 23, 135, false, NULL, '2017-07-26 09:42:44.676896-04');
INSERT INTO message_element_mappings (id, message_type_id, data_element_id, mandatory, comments, updated_at) VALUES (4248, 23, 136, false, NULL, '2017-07-26 09:42:44.676896-04');
INSERT INTO message_element_mappings (id, message_type_id, data_element_id, mandatory, comments, updated_at) VALUES (4269, 23, 162, false, NULL, '2017-07-26 09:42:44.676896-04');
INSERT INTO message_element_mappings (id, message_type_id, data_element_id, mandatory, comments, updated_at) VALUES (4270, 23, 163, false, NULL, '2017-07-26 09:42:44.676896-04');
INSERT INTO message_element_mappings (id, message_type_id, data_element_id, mandatory, comments, updated_at) VALUES (4271, 23, 164, false, NULL, '2017-07-26 09:42:44.676896-04');
INSERT INTO message_element_mappings (id, message_type_id, data_element_id, mandatory, comments, updated_at) VALUES (4272, 23, 165, false, NULL, '2017-07-26 09:42:44.676896-04');
INSERT INTO message_element_mappings (id, message_type_id, data_element_id, mandatory, comments, updated_at) VALUES (4275, 23, 168, false, NULL, '2017-07-26 09:42:44.676896-04');
INSERT INTO message_element_mappings (id, message_type_id, data_element_id, mandatory, comments, updated_at) VALUES (4276, 23, 169, false, NULL, '2017-07-26 09:42:44.676896-04');
INSERT INTO message_element_mappings (id, message_type_id, data_element_id, mandatory, comments, updated_at) VALUES (4691, 24, 40, false, NULL, '2017-07-26 09:42:44.676896-04');
INSERT INTO message_element_mappings (id, message_type_id, data_element_id, mandatory, comments, updated_at) VALUES (4695, 24, 156, false, NULL, '2017-07-26 09:42:44.676896-04');
INSERT INTO message_element_mappings (id, message_type_id, data_element_id, mandatory, comments, updated_at) VALUES (4696, 24, 157, false, NULL, '2017-07-26 09:42:44.676896-04');
INSERT INTO message_element_mappings (id, message_type_id, data_element_id, mandatory, comments, updated_at) VALUES (4697, 24, 158, false, NULL, '2017-07-26 09:42:44.676896-04');
INSERT INTO message_element_mappings (id, message_type_id, data_element_id, mandatory, comments, updated_at) VALUES (4698, 24, 159, false, NULL, '2017-07-26 09:42:44.676896-04');
INSERT INTO message_element_mappings (id, message_type_id, data_element_id, mandatory, comments, updated_at) VALUES (4699, 24, 160, false, NULL, '2017-07-26 09:42:44.676896-04');
INSERT INTO message_element_mappings (id, message_type_id, data_element_id, mandatory, comments, updated_at) VALUES (4700, 24, 168, false, NULL, '2017-07-26 09:42:44.676896-04');
INSERT INTO message_element_mappings (id, message_type_id, data_element_id, mandatory, comments, updated_at) VALUES (4701, 24, 169, false, NULL, '2017-07-26 09:42:44.676896-04');
INSERT INTO message_element_mappings (id, message_type_id, data_element_id, mandatory, comments, updated_at) VALUES (3635, 22, 425, false, NULL, '2017-07-26 09:42:44.676896-04');
INSERT INTO message_element_mappings (id, message_type_id, data_element_id, mandatory, comments, updated_at) VALUES (4355, 23, 9, false, NULL, '2017-07-26 09:42:44.676896-04');
INSERT INTO message_element_mappings (id, message_type_id, data_element_id, mandatory, comments, updated_at) VALUES (4356, 23, 10, false, NULL, '2017-07-26 09:42:44.676896-04');
INSERT INTO message_element_mappings (id, message_type_id, data_element_id, mandatory, comments, updated_at) VALUES (4357, 23, 11, false, NULL, '2017-07-26 09:42:44.676896-04');
INSERT INTO message_element_mappings (id, message_type_id, data_element_id, mandatory, comments, updated_at) VALUES (4358, 23, 12, false, NULL, '2017-07-26 09:42:44.676896-04');
INSERT INTO message_element_mappings (id, message_type_id, data_element_id, mandatory, comments, updated_at) VALUES (4359, 23, 13, false, NULL, '2017-07-26 09:42:44.676896-04');
INSERT INTO message_element_mappings (id, message_type_id, data_element_id, mandatory, comments, updated_at) VALUES (4360, 23, 14, false, NULL, '2017-07-26 09:42:44.676896-04');
INSERT INTO message_element_mappings (id, message_type_id, data_element_id, mandatory, comments, updated_at) VALUES (4375, 23, 41, true, NULL, '2017-07-26 09:42:44.676896-04');
INSERT INTO message_element_mappings (id, message_type_id, data_element_id, mandatory, comments, updated_at) VALUES (4376, 23, 42, true, NULL, '2017-07-26 09:42:44.676896-04');
INSERT INTO message_element_mappings (id, message_type_id, data_element_id, mandatory, comments, updated_at) VALUES (154, 1, 154, false, NULL, '2017-07-26 09:42:44.676896-04');
INSERT INTO message_element_mappings (id, message_type_id, data_element_id, mandatory, comments, updated_at) VALUES (155, 1, 155, false, NULL, '2017-07-26 09:42:44.676896-04');
INSERT INTO message_element_mappings (id, message_type_id, data_element_id, mandatory, comments, updated_at) VALUES (161, 1, 161, false, NULL, '2017-07-26 09:42:44.676896-04');
INSERT INTO message_element_mappings (id, message_type_id, data_element_id, mandatory, comments, updated_at) VALUES (162, 1, 162, false, NULL, '2017-07-26 09:42:44.676896-04');
INSERT INTO message_element_mappings (id, message_type_id, data_element_id, mandatory, comments, updated_at) VALUES (163, 1, 163, false, NULL, '2017-07-26 09:42:44.676896-04');
INSERT INTO message_element_mappings (id, message_type_id, data_element_id, mandatory, comments, updated_at) VALUES (164, 1, 164, false, NULL, '2017-07-26 09:42:44.676896-04');
INSERT INTO message_element_mappings (id, message_type_id, data_element_id, mandatory, comments, updated_at) VALUES (842, 5, 90, false, NULL, '2017-07-26 09:42:44.676896-04');
INSERT INTO message_element_mappings (id, message_type_id, data_element_id, mandatory, comments, updated_at) VALUES (843, 5, 91, false, NULL, '2017-07-26 09:42:44.676896-04');
INSERT INTO message_element_mappings (id, message_type_id, data_element_id, mandatory, comments, updated_at) VALUES (844, 5, 92, false, NULL, '2017-07-26 09:42:44.676896-04');
INSERT INTO message_element_mappings (id, message_type_id, data_element_id, mandatory, comments, updated_at) VALUES (845, 5, 93, false, NULL, '2017-07-26 09:42:44.676896-04');
INSERT INTO message_element_mappings (id, message_type_id, data_element_id, mandatory, comments, updated_at) VALUES (4473, 22, 436, false, NULL, '2017-07-26 09:42:44.676896-04');
INSERT INTO message_element_mappings (id, message_type_id, data_element_id, mandatory, comments, updated_at) VALUES (4474, 23, 436, false, NULL, '2017-07-26 09:42:44.676896-04');
INSERT INTO message_element_mappings (id, message_type_id, data_element_id, mandatory, comments, updated_at) VALUES (4667, 22, 159, false, NULL, '2017-07-26 09:42:44.676896-04');
INSERT INTO message_element_mappings (id, message_type_id, data_element_id, mandatory, comments, updated_at) VALUES (4668, 22, 157, false, NULL, '2017-07-26 09:42:44.676896-04');
INSERT INTO message_element_mappings (id, message_type_id, data_element_id, mandatory, comments, updated_at) VALUES (4669, 22, 158, false, NULL, '2017-07-26 09:42:44.676896-04');
INSERT INTO message_element_mappings (id, message_type_id, data_element_id, mandatory, comments, updated_at) VALUES (4670, 22, 160, false, NULL, '2017-07-26 09:42:44.676896-04');
INSERT INTO message_element_mappings (id, message_type_id, data_element_id, mandatory, comments, updated_at) VALUES (4671, 22, 156, false, NULL, '2017-07-26 09:42:44.676896-04');
INSERT INTO message_element_mappings (id, message_type_id, data_element_id, mandatory, comments, updated_at) VALUES (3423, 19, 186, true, NULL, '2017-07-26 09:42:44.676896-04');
INSERT INTO message_element_mappings (id, message_type_id, data_element_id, mandatory, comments, updated_at) VALUES (4714, 2, 456, false, NULL, '2017-07-26 09:42:44.676896-04');
INSERT INTO message_element_mappings (id, message_type_id, data_element_id, mandatory, comments, updated_at) VALUES (859, 5, 107, false, NULL, '2017-07-26 09:42:44.676896-04');
INSERT INTO message_element_mappings (id, message_type_id, data_element_id, mandatory, comments, updated_at) VALUES (861, 5, 109, false, NULL, '2017-07-26 09:42:44.676896-04');
INSERT INTO message_element_mappings (id, message_type_id, data_element_id, mandatory, comments, updated_at) VALUES (862, 5, 110, false, NULL, '2017-07-26 09:42:44.676896-04');
INSERT INTO message_element_mappings (id, message_type_id, data_element_id, mandatory, comments, updated_at) VALUES (863, 5, 111, false, NULL, '2017-07-26 09:42:44.676896-04');
INSERT INTO message_element_mappings (id, message_type_id, data_element_id, mandatory, comments, updated_at) VALUES (864, 5, 112, false, NULL, '2017-07-26 09:42:44.676896-04');
INSERT INTO message_element_mappings (id, message_type_id, data_element_id, mandatory, comments, updated_at) VALUES (65, 1, 65, false, NULL, '2017-07-26 09:42:44.676896-04');
INSERT INTO message_element_mappings (id, message_type_id, data_element_id, mandatory, comments, updated_at) VALUES (4446, 16, 435, false, NULL, '2017-07-26 09:42:44.676896-04');
INSERT INTO message_element_mappings (id, message_type_id, data_element_id, mandatory, comments, updated_at) VALUES (4449, 22, 435, false, NULL, '2017-07-26 09:42:44.676896-04');
INSERT INTO message_element_mappings (id, message_type_id, data_element_id, mandatory, comments, updated_at) VALUES (4450, 23, 435, false, NULL, '2017-07-26 09:42:44.676896-04');
INSERT INTO message_element_mappings (id, message_type_id, data_element_id, mandatory, comments, updated_at) VALUES (4451, 22, 4, false, NULL, '2017-07-26 09:42:44.676896-04');
INSERT INTO message_element_mappings (id, message_type_id, data_element_id, mandatory, comments, updated_at) VALUES (4452, 1, 436, false, NULL, '2017-07-26 09:42:44.676896-04');
INSERT INTO message_element_mappings (id, message_type_id, data_element_id, mandatory, comments, updated_at) VALUES (4454, 3, 436, false, NULL, '2017-07-26 09:42:44.676896-04');
INSERT INTO message_element_mappings (id, message_type_id, data_element_id, mandatory, comments, updated_at) VALUES (4715, 4, 456, false, NULL, '2017-07-26 09:42:44.676896-04');
INSERT INTO message_element_mappings (id, message_type_id, data_element_id, mandatory, comments, updated_at) VALUES (4716, 5, 456, false, NULL, '2017-07-26 09:42:44.676896-04');
INSERT INTO message_element_mappings (id, message_type_id, data_element_id, mandatory, comments, updated_at) VALUES (4717, 22, 169, false, NULL, '2017-07-26 09:42:44.676896-04');
INSERT INTO message_element_mappings (id, message_type_id, data_element_id, mandatory, comments, updated_at) VALUES (4718, 22, 457, false, NULL, '2017-07-26 09:42:44.676896-04');
INSERT INTO message_element_mappings (id, message_type_id, data_element_id, mandatory, comments, updated_at) VALUES (4719, 1, 458, false, NULL, '2017-07-26 09:42:44.676896-04');
INSERT INTO message_element_mappings (id, message_type_id, data_element_id, mandatory, comments, updated_at) VALUES (4720, 1, 459, false, NULL, '2017-07-26 09:42:44.676896-04');
INSERT INTO message_element_mappings (id, message_type_id, data_element_id, mandatory, comments, updated_at) VALUES (4722, 1, 460, false, NULL, '2017-07-26 09:42:44.676896-04');
INSERT INTO message_element_mappings (id, message_type_id, data_element_id, mandatory, comments, updated_at) VALUES (4723, 2, 458, false, NULL, '2017-07-26 09:42:44.676896-04');
INSERT INTO message_element_mappings (id, message_type_id, data_element_id, mandatory, comments, updated_at) VALUES (4732, 16, 156, false, NULL, '2017-07-26 09:42:44.676896-04');
INSERT INTO message_element_mappings (id, message_type_id, data_element_id, mandatory, comments, updated_at) VALUES (4733, 16, 157, false, NULL, '2017-07-26 09:42:44.676896-04');
INSERT INTO message_element_mappings (id, message_type_id, data_element_id, mandatory, comments, updated_at) VALUES (4734, 16, 158, false, NULL, '2017-07-26 09:42:44.676896-04');
INSERT INTO message_element_mappings (id, message_type_id, data_element_id, mandatory, comments, updated_at) VALUES (4735, 16, 159, false, NULL, '2017-07-26 09:42:44.676896-04');
INSERT INTO message_element_mappings (id, message_type_id, data_element_id, mandatory, comments, updated_at) VALUES (4736, 16, 160, false, NULL, '2017-07-26 09:42:44.676896-04');
INSERT INTO message_element_mappings (id, message_type_id, data_element_id, mandatory, comments, updated_at) VALUES (4737, 1, 461, false, NULL, '2017-07-26 09:42:44.676896-04');
INSERT INTO message_element_mappings (id, message_type_id, data_element_id, mandatory, comments, updated_at) VALUES (4738, 2, 461, false, NULL, '2017-07-26 09:42:44.676896-04');
INSERT INTO message_element_mappings (id, message_type_id, data_element_id, mandatory, comments, updated_at) VALUES (4739, 3, 461, false, NULL, '2017-07-26 09:42:44.676896-04');
INSERT INTO message_element_mappings (id, message_type_id, data_element_id, mandatory, comments, updated_at) VALUES (4740, 4, 461, false, NULL, '2017-07-26 09:42:44.676896-04');
INSERT INTO message_element_mappings (id, message_type_id, data_element_id, mandatory, comments, updated_at) VALUES (4741, 5, 461, false, NULL, '2017-07-26 09:42:44.676896-04');
INSERT INTO message_element_mappings (id, message_type_id, data_element_id, mandatory, comments, updated_at) VALUES (4742, 1, 462, false, NULL, '2017-07-26 09:42:44.676896-04');
INSERT INTO message_element_mappings (id, message_type_id, data_element_id, mandatory, comments, updated_at) VALUES (4743, 2, 462, false, NULL, '2017-07-26 09:42:44.676896-04');
INSERT INTO message_element_mappings (id, message_type_id, data_element_id, mandatory, comments, updated_at) VALUES (4744, 3, 462, false, NULL, '2017-07-26 09:42:44.676896-04');
INSERT INTO message_element_mappings (id, message_type_id, data_element_id, mandatory, comments, updated_at) VALUES (4745, 4, 462, false, NULL, '2017-07-26 09:42:44.676896-04');
INSERT INTO message_element_mappings (id, message_type_id, data_element_id, mandatory, comments, updated_at) VALUES (4746, 5, 462, false, NULL, '2017-07-26 09:42:44.676896-04');
INSERT INTO message_element_mappings (id, message_type_id, data_element_id, mandatory, comments, updated_at) VALUES (4752, 1, 463, false, NULL, '2017-07-26 09:42:44.676896-04');
INSERT INTO message_element_mappings (id, message_type_id, data_element_id, mandatory, comments, updated_at) VALUES (4753, 2, 463, false, NULL, '2017-07-26 09:42:44.676896-04');
INSERT INTO message_element_mappings (id, message_type_id, data_element_id, mandatory, comments, updated_at) VALUES (4754, 3, 463, false, NULL, '2017-07-26 09:42:44.676896-04');
INSERT INTO message_element_mappings (id, message_type_id, data_element_id, mandatory, comments, updated_at) VALUES (4755, 4, 463, false, NULL, '2017-07-26 09:42:44.676896-04');
INSERT INTO message_element_mappings (id, message_type_id, data_element_id, mandatory, comments, updated_at) VALUES (4756, 5, 463, false, NULL, '2017-07-26 09:42:44.676896-04');
INSERT INTO message_element_mappings (id, message_type_id, data_element_id, mandatory, comments, updated_at) VALUES (4772, 25, 165, false, NULL, '2017-07-26 09:42:44.676896-04');
INSERT INTO message_element_mappings (id, message_type_id, data_element_id, mandatory, comments, updated_at) VALUES (4775, 25, 168, false, NULL, '2017-07-26 09:42:44.676896-04');
INSERT INTO message_element_mappings (id, message_type_id, data_element_id, mandatory, comments, updated_at) VALUES (4776, 25, 169, false, NULL, '2017-07-26 09:42:44.676896-04');
INSERT INTO message_element_mappings (id, message_type_id, data_element_id, mandatory, comments, updated_at) VALUES (4777, 25, 170, false, NULL, '2017-07-26 09:42:44.676896-04');
INSERT INTO message_element_mappings (id, message_type_id, data_element_id, mandatory, comments, updated_at) VALUES (4778, 25, 171, false, NULL, '2017-07-26 09:42:44.676896-04');
INSERT INTO message_element_mappings (id, message_type_id, data_element_id, mandatory, comments, updated_at) VALUES (4780, 25, 179, false, NULL, '2017-07-26 09:42:44.676896-04');
INSERT INTO message_element_mappings (id, message_type_id, data_element_id, mandatory, comments, updated_at) VALUES (4781, 25, 180, false, NULL, '2017-07-26 09:42:44.676896-04');
INSERT INTO message_element_mappings (id, message_type_id, data_element_id, mandatory, comments, updated_at) VALUES (4782, 25, 181, false, NULL, '2017-07-26 09:42:44.676896-04');
INSERT INTO message_element_mappings (id, message_type_id, data_element_id, mandatory, comments, updated_at) VALUES (4783, 25, 183, false, NULL, '2017-07-26 09:42:44.676896-04');
INSERT INTO message_element_mappings (id, message_type_id, data_element_id, mandatory, comments, updated_at) VALUES (4784, 25, 184, false, NULL, '2017-07-26 09:42:44.676896-04');
INSERT INTO message_element_mappings (id, message_type_id, data_element_id, mandatory, comments, updated_at) VALUES (4785, 25, 185, false, NULL, '2017-07-26 09:42:44.676896-04');
INSERT INTO message_element_mappings (id, message_type_id, data_element_id, mandatory, comments, updated_at) VALUES (4786, 25, 39, true, NULL, '2017-07-26 09:42:44.676896-04');
INSERT INTO message_element_mappings (id, message_type_id, data_element_id, mandatory, comments, updated_at) VALUES (4787, 25, 40, true, NULL, '2017-07-26 09:42:44.676896-04');
INSERT INTO message_element_mappings (id, message_type_id, data_element_id, mandatory, comments, updated_at) VALUES (4789, 25, 45, true, NULL, '2017-07-26 09:42:44.676896-04');
INSERT INTO message_element_mappings (id, message_type_id, data_element_id, mandatory, comments, updated_at) VALUES (4791, 25, 446, false, NULL, '2017-07-26 09:42:44.676896-04');
INSERT INTO message_element_mappings (id, message_type_id, data_element_id, mandatory, comments, updated_at) VALUES (4792, 25, 447, false, NULL, '2017-07-26 09:42:44.676896-04');
INSERT INTO message_element_mappings (id, message_type_id, data_element_id, mandatory, comments, updated_at) VALUES (4793, 25, 448, false, NULL, '2017-07-26 09:42:44.676896-04');
INSERT INTO message_element_mappings (id, message_type_id, data_element_id, mandatory, comments, updated_at) VALUES (4794, 25, 449, false, NULL, '2017-07-26 09:42:44.676896-04');
INSERT INTO message_element_mappings (id, message_type_id, data_element_id, mandatory, comments, updated_at) VALUES (4795, 25, 450, false, NULL, '2017-07-26 09:42:44.676896-04');
INSERT INTO message_element_mappings (id, message_type_id, data_element_id, mandatory, comments, updated_at) VALUES (4796, 25, 451, false, NULL, '2017-07-26 09:42:44.676896-04');
INSERT INTO message_element_mappings (id, message_type_id, data_element_id, mandatory, comments, updated_at) VALUES (4797, 25, 452, false, NULL, '2017-07-26 09:42:44.676896-04');
INSERT INTO message_element_mappings (id, message_type_id, data_element_id, mandatory, comments, updated_at) VALUES (4798, 25, 453, false, NULL, '2017-07-26 09:42:44.676896-04');
INSERT INTO message_element_mappings (id, message_type_id, data_element_id, mandatory, comments, updated_at) VALUES (4799, 25, 454, false, NULL, '2017-07-26 09:42:44.676896-04');
INSERT INTO message_element_mappings (id, message_type_id, data_element_id, mandatory, comments, updated_at) VALUES (4800, 25, 455, false, NULL, '2017-07-26 09:42:44.676896-04');
INSERT INTO message_element_mappings (id, message_type_id, data_element_id, mandatory, comments, updated_at) VALUES (4811, 25, 134, false, NULL, '2017-07-26 09:42:44.676896-04');
INSERT INTO message_element_mappings (id, message_type_id, data_element_id, mandatory, comments, updated_at) VALUES (4812, 25, 135, false, NULL, '2017-07-26 09:42:44.676896-04');
INSERT INTO message_element_mappings (id, message_type_id, data_element_id, mandatory, comments, updated_at) VALUES (4813, 25, 136, false, NULL, '2017-07-26 09:42:44.676896-04');
INSERT INTO message_element_mappings (id, message_type_id, data_element_id, mandatory, comments, updated_at) VALUES (4822, 25, 430, false, NULL, '2017-07-26 09:42:44.676896-04');
INSERT INTO message_element_mappings (id, message_type_id, data_element_id, mandatory, comments, updated_at) VALUES (4871, 25, 35, false, NULL, '2017-07-26 09:42:44.676896-04');
INSERT INTO message_element_mappings (id, message_type_id, data_element_id, mandatory, comments, updated_at) VALUES (4872, 25, 36, false, NULL, '2017-07-26 09:42:44.676896-04');
INSERT INTO message_element_mappings (id, message_type_id, data_element_id, mandatory, comments, updated_at) VALUES (4881, 25, 3, false, NULL, '2017-07-26 09:42:44.676896-04');
INSERT INTO message_element_mappings (id, message_type_id, data_element_id, mandatory, comments, updated_at) VALUES (4882, 25, 4, false, NULL, '2017-07-26 09:42:44.676896-04');
INSERT INTO message_element_mappings (id, message_type_id, data_element_id, mandatory, comments, updated_at) VALUES (4883, 25, 5, false, NULL, '2017-07-26 09:42:44.676896-04');
INSERT INTO message_element_mappings (id, message_type_id, data_element_id, mandatory, comments, updated_at) VALUES (4884, 25, 6, false, NULL, '2017-07-26 09:42:44.676896-04');
INSERT INTO message_element_mappings (id, message_type_id, data_element_id, mandatory, comments, updated_at) VALUES (4891, 25, 13, false, NULL, '2017-07-26 09:42:44.676896-04');
INSERT INTO message_element_mappings (id, message_type_id, data_element_id, mandatory, comments, updated_at) VALUES (4892, 25, 14, false, NULL, '2017-07-26 09:42:44.676896-04');
INSERT INTO message_element_mappings (id, message_type_id, data_element_id, mandatory, comments, updated_at) VALUES (4895, 25, 17, false, NULL, '2017-07-26 09:42:44.676896-04');
INSERT INTO message_element_mappings (id, message_type_id, data_element_id, mandatory, comments, updated_at) VALUES (4899, 25, 21, false, NULL, '2017-07-26 09:42:44.676896-04');
INSERT INTO message_element_mappings (id, message_type_id, data_element_id, mandatory, comments, updated_at) VALUES (4907, 25, 41, true, NULL, '2017-07-26 09:42:44.676896-04');
INSERT INTO message_element_mappings (id, message_type_id, data_element_id, mandatory, comments, updated_at) VALUES (4908, 25, 42, true, NULL, '2017-07-26 09:42:44.676896-04');
INSERT INTO message_element_mappings (id, message_type_id, data_element_id, mandatory, comments, updated_at) VALUES (4909, 25, 1, false, NULL, '2017-07-26 09:42:44.676896-04');
INSERT INTO message_element_mappings (id, message_type_id, data_element_id, mandatory, comments, updated_at) VALUES (4923, 25, 377, false, NULL, '2017-07-26 09:42:44.676896-04');
INSERT INTO message_element_mappings (id, message_type_id, data_element_id, mandatory, comments, updated_at) VALUES (860, 5, 108, false, NULL, '2017-07-26 09:42:44.676896-04');
INSERT INTO message_element_mappings (id, message_type_id, data_element_id, mandatory, comments, updated_at) VALUES (66, 1, 66, false, NULL, '2017-07-26 09:42:44.676896-04');
INSERT INTO message_element_mappings (id, message_type_id, data_element_id, mandatory, comments, updated_at) VALUES (229, 2, 41, true, NULL, '2017-07-26 09:42:44.676896-04');
INSERT INTO message_element_mappings (id, message_type_id, data_element_id, mandatory, comments, updated_at) VALUES (230, 2, 42, true, NULL, '2017-07-26 09:42:44.676896-04');
INSERT INTO message_element_mappings (id, message_type_id, data_element_id, mandatory, comments, updated_at) VALUES (228, 2, 40, true, NULL, '2017-07-26 09:42:44.676896-04');
INSERT INTO message_element_mappings (id, message_type_id, data_element_id, mandatory, comments, updated_at) VALUES (232, 2, 44, true, NULL, '2017-07-26 09:42:44.676896-04');
INSERT INTO message_element_mappings (id, message_type_id, data_element_id, mandatory, comments, updated_at) VALUES (233, 2, 45, true, NULL, '2017-07-26 09:42:44.676896-04');
INSERT INTO message_element_mappings (id, message_type_id, data_element_id, mandatory, comments, updated_at) VALUES (231, 2, 43, true, NULL, '2017-07-26 09:42:44.676896-04');
INSERT INTO message_element_mappings (id, message_type_id, data_element_id, mandatory, comments, updated_at) VALUES (205, 2, 17, false, NULL, '2017-07-26 09:42:44.676896-04');
INSERT INTO message_element_mappings (id, message_type_id, data_element_id, mandatory, comments, updated_at) VALUES (206, 2, 18, false, NULL, '2017-07-26 09:42:44.676896-04');
INSERT INTO message_element_mappings (id, message_type_id, data_element_id, mandatory, comments, updated_at) VALUES (207, 2, 19, false, NULL, '2017-07-26 09:42:44.676896-04');
INSERT INTO message_element_mappings (id, message_type_id, data_element_id, mandatory, comments, updated_at) VALUES (208, 2, 20, false, NULL, '2017-07-26 09:42:44.676896-04');
INSERT INTO message_element_mappings (id, message_type_id, data_element_id, mandatory, comments, updated_at) VALUES (209, 2, 21, false, NULL, '2017-07-26 09:42:44.676896-04');
INSERT INTO message_element_mappings (id, message_type_id, data_element_id, mandatory, comments, updated_at) VALUES (210, 2, 22, false, NULL, '2017-07-26 09:42:44.676896-04');
INSERT INTO message_element_mappings (id, message_type_id, data_element_id, mandatory, comments, updated_at) VALUES (211, 2, 23, false, NULL, '2017-07-26 09:42:44.676896-04');
INSERT INTO message_element_mappings (id, message_type_id, data_element_id, mandatory, comments, updated_at) VALUES (212, 2, 24, false, NULL, '2017-07-26 09:42:44.676896-04');
INSERT INTO message_element_mappings (id, message_type_id, data_element_id, mandatory, comments, updated_at) VALUES (213, 2, 25, false, NULL, '2017-07-26 09:42:44.676896-04');
INSERT INTO message_element_mappings (id, message_type_id, data_element_id, mandatory, comments, updated_at) VALUES (214, 2, 26, false, NULL, '2017-07-26 09:42:44.676896-04');
INSERT INTO message_element_mappings (id, message_type_id, data_element_id, mandatory, comments, updated_at) VALUES (215, 2, 27, false, NULL, '2017-07-26 09:42:44.676896-04');
INSERT INTO message_element_mappings (id, message_type_id, data_element_id, mandatory, comments, updated_at) VALUES (216, 2, 28, false, NULL, '2017-07-26 09:42:44.676896-04');
INSERT INTO message_element_mappings (id, message_type_id, data_element_id, mandatory, comments, updated_at) VALUES (217, 2, 29, false, NULL, '2017-07-26 09:42:44.676896-04');
INSERT INTO message_element_mappings (id, message_type_id, data_element_id, mandatory, comments, updated_at) VALUES (218, 2, 30, false, NULL, '2017-07-26 09:42:44.676896-04');
INSERT INTO message_element_mappings (id, message_type_id, data_element_id, mandatory, comments, updated_at) VALUES (219, 2, 31, false, NULL, '2017-07-26 09:42:44.676896-04');
INSERT INTO message_element_mappings (id, message_type_id, data_element_id, mandatory, comments, updated_at) VALUES (4277, 23, 170, false, NULL, '2017-07-26 09:42:44.676896-04');
INSERT INTO message_element_mappings (id, message_type_id, data_element_id, mandatory, comments, updated_at) VALUES (4278, 23, 171, false, NULL, '2017-07-26 09:42:44.676896-04');
INSERT INTO message_element_mappings (id, message_type_id, data_element_id, mandatory, comments, updated_at) VALUES (4311, 23, 172, false, NULL, '2017-07-26 09:42:44.676896-04');
INSERT INTO message_element_mappings (id, message_type_id, data_element_id, mandatory, comments, updated_at) VALUES (846, 5, 94, false, NULL, '2017-07-26 09:42:44.676896-04');
INSERT INTO message_element_mappings (id, message_type_id, data_element_id, mandatory, comments, updated_at) VALUES (847, 5, 95, false, NULL, '2017-07-26 09:42:44.676896-04');
INSERT INTO message_element_mappings (id, message_type_id, data_element_id, mandatory, comments, updated_at) VALUES (848, 5, 96, false, NULL, '2017-07-26 09:42:44.676896-04');
INSERT INTO message_element_mappings (id, message_type_id, data_element_id, mandatory, comments, updated_at) VALUES (849, 5, 97, false, NULL, '2017-07-26 09:42:44.676896-04');
INSERT INTO message_element_mappings (id, message_type_id, data_element_id, mandatory, comments, updated_at) VALUES (850, 5, 98, false, NULL, '2017-07-26 09:42:44.676896-04');
INSERT INTO message_element_mappings (id, message_type_id, data_element_id, mandatory, comments, updated_at) VALUES (851, 5, 99, false, NULL, '2017-07-26 09:42:44.676896-04');
INSERT INTO message_element_mappings (id, message_type_id, data_element_id, mandatory, comments, updated_at) VALUES (856, 5, 104, false, NULL, '2017-07-26 09:42:44.676896-04');
INSERT INTO message_element_mappings (id, message_type_id, data_element_id, mandatory, comments, updated_at) VALUES (857, 5, 105, false, NULL, '2017-07-26 09:42:44.676896-04');
INSERT INTO message_element_mappings (id, message_type_id, data_element_id, mandatory, comments, updated_at) VALUES (858, 5, 106, false, NULL, '2017-07-26 09:42:44.676896-04');
INSERT INTO message_element_mappings (id, message_type_id, data_element_id, mandatory, comments, updated_at) VALUES (4455, 4, 436, false, NULL, '2017-07-26 09:42:44.676896-04');
INSERT INTO message_element_mappings (id, message_type_id, data_element_id, mandatory, comments, updated_at) VALUES (4456, 5, 436, false, NULL, '2017-07-26 09:42:44.676896-04');
INSERT INTO message_element_mappings (id, message_type_id, data_element_id, mandatory, comments, updated_at) VALUES (4457, 6, 436, false, NULL, '2017-07-26 09:42:44.676896-04');
INSERT INTO message_element_mappings (id, message_type_id, data_element_id, mandatory, comments, updated_at) VALUES (4467, 16, 436, false, NULL, '2017-07-26 09:42:44.676896-04');
INSERT INTO message_element_mappings (id, message_type_id, data_element_id, mandatory, comments, updated_at) VALUES (4470, 19, 436, false, NULL, '2017-07-26 09:42:44.676896-04');
INSERT INTO message_element_mappings (id, message_type_id, data_element_id, mandatory, comments, updated_at) VALUES (4924, 25, 375, false, NULL, '2017-07-26 09:42:44.676896-04');
INSERT INTO message_element_mappings (id, message_type_id, data_element_id, mandatory, comments, updated_at) VALUES (4927, 25, 161, false, NULL, '2017-07-26 09:42:44.676896-04');
INSERT INTO message_element_mappings (id, message_type_id, data_element_id, mandatory, comments, updated_at) VALUES (4928, 25, 162, false, NULL, '2017-07-26 09:42:44.676896-04');
INSERT INTO message_element_mappings (id, message_type_id, data_element_id, mandatory, comments, updated_at) VALUES (4929, 25, 163, false, NULL, '2017-07-26 09:42:44.676896-04');
INSERT INTO message_element_mappings (id, message_type_id, data_element_id, mandatory, comments, updated_at) VALUES (4930, 25, 164, false, NULL, '2017-07-26 09:42:44.676896-04');
INSERT INTO message_element_mappings (id, message_type_id, data_element_id, mandatory, comments, updated_at) VALUES (4933, 25, 435, false, NULL, '2017-07-26 09:42:44.676896-04');
INSERT INTO message_element_mappings (id, message_type_id, data_element_id, mandatory, comments, updated_at) VALUES (4934, 25, 436, false, NULL, '2017-07-26 09:42:44.676896-04');
INSERT INTO message_element_mappings (id, message_type_id, data_element_id, mandatory, comments, updated_at) VALUES (4940, 25, 463, false, NULL, '2017-07-26 09:42:44.676896-04');
INSERT INTO message_element_mappings (id, message_type_id, data_element_id, mandatory, comments, updated_at) VALUES (4842, 25, 86, false, NULL, '2017-07-26 09:42:44.676896-04');
INSERT INTO message_element_mappings (id, message_type_id, data_element_id, mandatory, comments, updated_at) VALUES (4843, 25, 87, false, NULL, '2017-07-26 09:42:44.676896-04');
INSERT INTO message_element_mappings (id, message_type_id, data_element_id, mandatory, comments, updated_at) VALUES (4844, 25, 88, false, NULL, '2017-07-26 09:42:44.676896-04');
INSERT INTO message_element_mappings (id, message_type_id, data_element_id, mandatory, comments, updated_at) VALUES (4845, 25, 89, false, NULL, '2017-07-26 09:42:44.676896-04');
INSERT INTO message_element_mappings (id, message_type_id, data_element_id, mandatory, comments, updated_at) VALUES (4846, 25, 90, false, NULL, '2017-07-26 09:42:44.676896-04');
INSERT INTO message_element_mappings (id, message_type_id, data_element_id, mandatory, comments, updated_at) VALUES (4855, 25, 172, false, NULL, '2017-07-26 09:42:44.676896-04');
INSERT INTO message_element_mappings (id, message_type_id, data_element_id, mandatory, comments, updated_at) VALUES (4856, 25, 173, false, NULL, '2017-07-26 09:42:44.676896-04');
INSERT INTO message_element_mappings (id, message_type_id, data_element_id, mandatory, comments, updated_at) VALUES (4858, 25, 2, false, NULL, '2017-07-26 09:42:44.676896-04');
INSERT INTO message_element_mappings (id, message_type_id, data_element_id, mandatory, comments, updated_at) VALUES (4860, 25, 24, false, NULL, '2017-07-26 09:42:44.676896-04');
INSERT INTO message_element_mappings (id, message_type_id, data_element_id, mandatory, comments, updated_at) VALUES (4868, 25, 32, false, NULL, '2017-07-26 09:42:44.676896-04');
INSERT INTO message_element_mappings (id, message_type_id, data_element_id, mandatory, comments, updated_at) VALUES (4869, 25, 33, false, NULL, '2017-07-26 09:42:44.676896-04');
INSERT INTO message_element_mappings (id, message_type_id, data_element_id, mandatory, comments, updated_at) VALUES (4434, 1, 435, false, NULL, '2017-07-26 09:42:44.676896-04');
INSERT INTO message_element_mappings (id, message_type_id, data_element_id, mandatory, comments, updated_at) VALUES (4435, 2, 435, false, NULL, '2017-07-26 09:42:44.676896-04');
INSERT INTO message_element_mappings (id, message_type_id, data_element_id, mandatory, comments, updated_at) VALUES (4436, 6, 435, false, NULL, '2017-07-26 09:42:44.676896-04');
INSERT INTO message_element_mappings (id, message_type_id, data_element_id, mandatory, comments, updated_at) VALUES (165, 1, 165, false, NULL, '2017-07-26 09:42:44.676896-04');
INSERT INTO message_element_mappings (id, message_type_id, data_element_id, mandatory, comments, updated_at) VALUES (166, 1, 166, false, NULL, '2017-07-26 09:42:44.676896-04');
INSERT INTO message_element_mappings (id, message_type_id, data_element_id, mandatory, comments, updated_at) VALUES (167, 1, 167, false, NULL, '2017-07-26 09:42:44.676896-04');
INSERT INTO message_element_mappings (id, message_type_id, data_element_id, mandatory, comments, updated_at) VALUES (168, 1, 168, false, NULL, '2017-07-26 09:42:44.676896-04');
INSERT INTO message_element_mappings (id, message_type_id, data_element_id, mandatory, comments, updated_at) VALUES (169, 1, 169, false, NULL, '2017-07-26 09:42:44.676896-04');
INSERT INTO message_element_mappings (id, message_type_id, data_element_id, mandatory, comments, updated_at) VALUES (170, 1, 170, false, NULL, '2017-07-26 09:42:44.676896-04');
INSERT INTO message_element_mappings (id, message_type_id, data_element_id, mandatory, comments, updated_at) VALUES (171, 1, 171, false, NULL, '2017-07-26 09:42:44.676896-04');
INSERT INTO message_element_mappings (id, message_type_id, data_element_id, mandatory, comments, updated_at) VALUES (227, 2, 39, true, NULL, '2017-07-26 09:42:44.676896-04');
INSERT INTO message_element_mappings (id, message_type_id, data_element_id, mandatory, comments, updated_at) VALUES (852, 5, 100, false, NULL, '2017-07-26 09:42:44.676896-04');
INSERT INTO message_element_mappings (id, message_type_id, data_element_id, mandatory, comments, updated_at) VALUES (853, 5, 101, false, NULL, '2017-07-26 09:42:44.676896-04');
INSERT INTO message_element_mappings (id, message_type_id, data_element_id, mandatory, comments, updated_at) VALUES (854, 5, 102, false, NULL, '2017-07-26 09:42:44.676896-04');
INSERT INTO message_element_mappings (id, message_type_id, data_element_id, mandatory, comments, updated_at) VALUES (855, 5, 103, false, NULL, '2017-07-26 09:42:44.676896-04');
INSERT INTO message_element_mappings (id, message_type_id, data_element_id, mandatory, comments, updated_at) VALUES (4889, 25, 11, true, NULL, '2017-07-26 09:42:44.676896-04');
INSERT INTO message_element_mappings (id, message_type_id, data_element_id, mandatory, comments, updated_at) VALUES (4890, 25, 12, true, NULL, '2017-07-26 09:42:44.676896-04');
INSERT INTO message_element_mappings (id, message_type_id, data_element_id, mandatory, comments, updated_at) VALUES (4944, 2, 467, false, NULL, '2017-07-26 09:42:44.676896-04');
INSERT INTO message_element_mappings (id, message_type_id, data_element_id, mandatory, comments, updated_at) VALUES (4945, 23, 467, false, NULL, '2017-07-26 09:42:44.676896-04');
INSERT INTO message_element_mappings (id, message_type_id, data_element_id, mandatory, comments, updated_at) VALUES (4946, 1, 467, false, NULL, '2017-07-26 09:42:44.676896-04');
INSERT INTO message_element_mappings (id, message_type_id, data_element_id, mandatory, comments, updated_at) VALUES (4947, 22, 467, false, NULL, '2017-07-26 09:42:44.676896-04');
INSERT INTO message_element_mappings (id, message_type_id, data_element_id, mandatory, comments, updated_at) VALUES (4948, 3, 467, false, NULL, '2017-07-26 09:42:44.676896-04');
INSERT INTO message_element_mappings (id, message_type_id, data_element_id, mandatory, comments, updated_at) VALUES (4949, 5, 467, false, NULL, '2017-07-26 09:42:44.676896-04');
INSERT INTO message_element_mappings (id, message_type_id, data_element_id, mandatory, comments, updated_at) VALUES (4950, 4, 467, false, NULL, '2017-07-26 09:42:44.676896-04');
INSERT INTO message_element_mappings (id, message_type_id, data_element_id, mandatory, comments, updated_at) VALUES (4951, 6, 467, false, NULL, '2017-07-26 09:42:44.676896-04');
INSERT INTO message_element_mappings (id, message_type_id, data_element_id, mandatory, comments, updated_at) VALUES (4952, 16, 467, false, NULL, '2017-07-26 09:42:44.676896-04');
INSERT INTO message_element_mappings (id, message_type_id, data_element_id, mandatory, comments, updated_at) VALUES (4953, 19, 467, false, NULL, '2017-07-26 09:42:44.676896-04');
INSERT INTO message_element_mappings (id, message_type_id, data_element_id, mandatory, comments, updated_at) VALUES (4954, 24, 467, false, NULL, '2017-07-26 09:42:44.676896-04');
INSERT INTO message_element_mappings (id, message_type_id, data_element_id, mandatory, comments, updated_at) VALUES (4955, 25, 467, false, NULL, '2017-07-26 09:42:44.676896-04');
INSERT INTO message_element_mappings (id, message_type_id, data_element_id, mandatory, comments, updated_at) VALUES (4956, 25, 468, true, NULL, '2017-07-26 09:42:44.676896-04');


--
-- PostgreSQL database dump complete
--

