<?xml version="1.0" encoding="ascii"?>
<history><client name="pkg" version="1.122.2-54.2834"><args><arg><![CDATA[/znfs/repine/export3/UC2.0/pkg-toolkit-sunos-sparc-uc2.3-u4-b54/pkg/bin/client.py]]></arg><arg><![CDATA[install]]></arg><arg><![CDATA[glassfish-corba-base]]></arg></args></client><operation end_time="20110720T014805Z" name="install" result="Nothing to do" start_time="20110720T014805Z" userid="10" username="java_re"><start_state><![CDATA[UNEVALUATED:
]]></start_state></operation></history>