<?xml version="1.0" encoding="ascii"?>
<history><client name="pkg" version="1.122.2-54.2834"><args><arg><![CDATA[/znfs/repine/export3/UC2.0/pkg-toolkit-sunos-sparc-uc2.3-u4-b54/pkg/bin/client.py]]></arg><arg><![CDATA[install]]></arg><arg><![CDATA[javadb-client]]></arg></args></client><operation end_time="20110720T014831Z" name="install" result="Succeeded" start_time="20110720T014830Z" userid="10" username="java_re"><start_state><![CDATA[UNEVALUATED:
+pkg:/javadb-client@10.6.2.1,0-1:20101213T185835Z
]]></start_state><end_state><![CDATA[None -> pkg:/javadb-client@10.6.2.1,0-1:20101213T185835Z
]]></end_state></operation></history>