<?xml version="1.0" encoding="ascii"?>
<history><client name="pkg" version="1.122.2-54.2834"><args><arg><![CDATA[/znfs/repine/export3/UC2.0/pkg-toolkit-sunos-sparc-uc2.3-u4-b54/pkg/bin/client.py]]></arg><arg><![CDATA[install]]></arg><arg><![CDATA[felix]]></arg></args></client><operation end_time="20110720T014158Z" name="install" result="Succeeded" start_time="20110720T014157Z" userid="10" username="java_re"><start_state><![CDATA[UNEVALUATED:
+pkg:/felix@3.0.8,0-0:20110720T004612Z
]]></start_state><end_state><![CDATA[None -> pkg:/felix@3.0.8,0-0:20110720T004612Z
]]></end_state></operation></history>