<?xml version="1.0" encoding="ascii"?>
<history><client name="pkg" version="1.122.2-54.2834"><args><arg><![CDATA[/znfs/repine/export3/UC2.0/pkg-toolkit-sunos-sparc-uc2.3-u4-b54/pkg/bin/client.py]]></arg><arg><![CDATA[install]]></arg><arg><![CDATA[mq-bin-exe]]></arg></args></client><operation end_time="20110720T015904Z" name="install" result="Succeeded" start_time="20110720T015903Z" userid="10" username="java_re"><start_state><![CDATA[UNEVALUATED:
+pkg:/mq-bin-exe@4.5.1,0-3.2:20110622T033909Z
]]></start_state><end_state><![CDATA[None -> pkg:/mq-bin-exe@4.5.1,0-3.2:20110622T033909Z
]]></end_state></operation></history>