<?xml version="1.0" encoding="ascii"?>
<history><client name="pkg" version="1.122.2-54.2834"><args><arg><![CDATA[/znfs/repine/export3/UC2.0/pkg-toolkit-sunos-sparc-uc2.3-u4-b54/pkg/bin/client.py]]></arg><arg><![CDATA[install]]></arg><arg><![CDATA[mq-server]]></arg></args></client><operation end_time="20110720T015900Z" name="install" result="Succeeded" start_time="20110720T015858Z" userid="10" username="java_re"><start_state><![CDATA[UNEVALUATED:
+pkg:/mq-server@4.5.1,0-3.2:20110622T002636Z
]]></start_state><end_state><![CDATA[None -> pkg:/mq-server@4.5.1,0-3.2:20110622T002636Z
None -> pkg:/mq-bin-sh@4.5.1,0-3.2:20110622T002633Z
]]></end_state></operation></history>